,words,count
0,beer,91
1,taste,88
2,head,84
3,like,69
4,pours,68
5,dark,65
6,good,57
7,nice,55
8,head.,54
9,medium,53
10,white,52
11,light,50
12,really,49
13,black,48
14,one,48
15,sweet,46
16,bit,46
17,bourbon,46
18,-,45
19,bottle,45
20,smell,44
21,great,43
22,nose,43
23,poured,42
24,feel,41
25,thick,40
26,notes,40
27,color,40
28,aroma,39
29,body,37
30,well,36
31,beer.,36
32,chocolate,35
33,finish.,34
34,vanilla,33
35,creamy,33
36,orange,33
37,coffee,33
38,barrel,32
39,fruit,32
40,mouthfeel,32
41,flavor,31
42,tropical,31
43,lacing,30
44,carbonation.,29
45,citrus,29
46,brown,29
47,hazy,29
48,much,28
49,full,28
50,dry,28
51,still,27
52,overall,27
53,almost,27
54,"chocolate,",27
55,smells,26
56,hint,25
57,little,25
58,roasted,25
59,smooth,25
60,would,25
61,lacing.,24
62,glass.,24
63,finish,24
64,finger,24
65,rich,23
66,also,23
67,big,23
68,hints,23
69,"coffee,",22
70,tan,22
71,moderate,22
72,quite,22
73,carbonation,22
74,sweetness,22
75,aged,22
76,tart,21
77,flavors,21
78,"vanilla,",21
79,pour,21
80,"overall,",21
81,touch,21
82,excellent,21
83,oak,21
84,lots,21
85,malt,21
86,super,20
87,"beer,",20
88,hop,20
89,way,20
90,slightly,20
91,best,20
92,deep,19
93,top,19
94,i'm,19
95,slight,19
96,palate,19
97,strong,19
98,it.,19
99,even,19
100,stout,19
101,definitely,19
102,fresh,18
103,get,18
104,floral,18
105,golden,18
106,nose.,18
107,around,18
108,first,18
109,notes.,18
110,blend,17
111,bitter,17
112,caramel,17
113,"oak,",17
114,it’s,17
115,sour,16
116,lot,16
117,follows,16
118,try,16
119,quickly,16
120,maybe,16
121,soft,16
122,there's,16
123,taste:,16
124,beers,16
125,pretty,16
126,overall:,16
127,beautiful,15
128,alcohol,15
129,glass,15
130,"smooth,",15
131,tastes,15
132,pale,15
133,wine,15
134,pine,15
135,2021,15
136,fruity,15
137,long,14
138,huge,14
139,time,14
140,"sweet,",14
141,hops,14
142,think,14
143,aromas,14
144,high,14
145,love,14
146,mild,14
147,comes,14
148,small,14
149,look,14
150,"malt,",14
151,abv,14
152,bodied,13
153,yellow,13
154,"head,",13
155,green,13
156,better,13
157,taste.,13
158,s:,13
159,"citrus,",13
160,got,13
161,me.,13
162,tons,13
163,"mango,",13
164,balance,13
165,i’m,13
166,malts,13
167,finishes,13
168,"bourbon,",13
169,fairly,13
170,maple,13
171,back,13
172,"bottle,",13
173,drink,13
174,body.,13
175,t:,12
176,clear,12
177,flavors.,12
178,low,12
179,here.,12
180,drank,12
181,thin,12
182,"taste,",12
183,mouthfeel.,12
184,"caramel,",12
185,bitterness.,12
186,heavy,12
187,"toffee,",12
188,bright,12
189,"nose,",12
190,enough,12
191,oak.,12
192,mouth,12
193,favorite,12
194,"carbonation,",12
195,appearance,12
196,"peach,",12
197,bitterness,12
198,sure,12
199,"orange,",11
200,character,11
201,thanks,11
202,real,11
203,"pineapple,",11
204,smooth.,11
205,nearly,11
206,lemon,11
207,i've,11
208,sweet.,11
209,juicy,11
210,two,11
211,grapefruit,11
212,spice,11
213,see,11
214,"molasses,",11
215,jet,11
216,that's,11
217,"fruit,",11
218,complex,11
219,could,11
220,"bodied,",11
221,hops.,11
222,stout.,11
223,followed,11
224,vintage,11
225,"malts,",11
226,minimal,11
227,"funk,",10
228,coconut,10
229,easy,10
230,funk,10
231,end.,10
232,incredibly,10
233,fantastic,10
234,perfect,10
235,less,10
236,motor,10
237,half,10
238,note,10
239,amount,10
240,herbal,10
241,looks,10
242,know,10
243,mostly,10
244,nothing,10
245,balanced,10
246,front,10
247,color.,10
248,amazing,10
249,"creamy,",10
250,wonderful,10
251,old,10
252,brings,10
253,mocha,10
254,dried,10
255,consumed,10
256,o:,10
257,amber,10
258,subtle,9
259,opaque,9
260,cinnamon,9
261,actually,9
262,"dry,",9
263,colored,9
264,pineapple,9
265,"mouthfeel,",9
266,along,9
267,vanilla.,9
268,"stout,",9
269,canned,9
270,bottle.,9
271,l:,9
272,lovely,9
273,mango,9
274,2020,9
275,"leather,",9
276,"notes,",9
277,incredible,9
278,peach,9
279,red,9
280,"fruits,",9
281,"grapefruit,",9
282,solid,9
283,ring,9
284,world,9
285,every,9
286,acidity,9
287,review,9
288,style.,9
289,hard,9
290,drinking,9
291,booze,9
292,somewhat,9
293,too.,9
294,aroma.,9
295,well.,9
296,another,9
297,one.,9
298,appearance:,9
299,smell.,8
300,2018,8
301,wish,8
302,date,8
303,surprisingly,8
304,tasting,8
305,"aroma,",8
306,lighter,8
307,left,8
308,raspberry,8
309,perfectly,8
310,2016,8
311,going,8
312,sweetness.,8
313,yet,8
314,say,8
315,oz,8
316,kind,8
317,flavor.,8
318,pleasant,8
319,never,8
320,ipa,8
321,side,8
322,f:,8
323,lingering,8
324,house,8
325,i’ve,8
326,&,8
327,thick.,8
328,bourbon.,8
329,"well,",8
330,"lemon,",8
331,outstanding,8
332,leaves,8
333,oil,8
334,right,8
335,age,8
336,day,8
337,aromas.,8
338,base,8
339,"this,",8
340,ever,8
341,toasted,8
342,retention.,8
343,"sugar,",8
344,decent,7
345,"me,",7
346,gets,7
347,style,7
348,murky,7
349,find,7
350,crisp,7
351,earthy,7
352,bottled,7
353,spicy,7
354,"thick,",7
355,cream,7
356,gold,7
357,amazing.,7
358,leaving,7
359,brew,7
360,may,7
361,"black,",7
362,"tobacco,",7
363,excited,7
364,looking,7
365,profile,7
366,cherry,7
367,fruits,7
368,roasty,7
369,mouthfeel:,7
370,nose:,7
371,"complex,",7
372,grain,7
373,there’s,7
374,everything,7
375,imperial,7
376,tasted,7
377,things,7
378,ripe,7
379,tree,7
380,intense,7
381,"color,",7
382,5,7
383,chocolate.,7
384,smell:,7
385,seems,7
386,many,7
387,drinkable,7
388,warming,7
389,lightly,7
390,rather,7
391,faint,7
392,enjoyed,7
393,batch,7
394,double,7
395,peppery,7
396,mellow,7
397,nicely.,7
398,"maple,",7
399,cloudy,7
400,oaky,7
401,boozy,7
402,something,7
403,loads,7
404,sticky,7
405,fine,7
406,average,7
407,dense,7
408,particularly,7
409,750ml,7
410,delicious,7
411,stone,7
412,temperature,7
413,can.,7
414,honey,7
415,tulip,7
416,class,7
417,apple,6
418,apricot,6
419,brewing,6
420,3,6
421,"tart,",6
422,"deep,",6
423,"glass,",6
424,colour,6
425,used,6
426,date:,6
427,delicate,6
428,cap,6
429,"it,",6
430,2019,6
431,ruby,6
432,feel.,6
433,top.,6
434,always,6
435,barrels,6
436,highly,6
437,prominent,6
438,want,6
439,last,6
440,i'd,6
441,"good,",6
442,4,6
443,"again,",6
444,retention,6
445,"fruity,",6
446,straight,6
447,fluffy,6
448,"soft,",6
449,together,6
450,beer!,6
451,"roast,",6
452,lasting,6
453,give,6
454,milk,6
455,black.,6
456,pink,6
457,ba,6
458,drink.,6
459,hoppy,6
460,tartness,6
461,adding,6
462,starts,6
463,wild,6
464,incredible.,6
465,version,6
466,"sour,",6
467,vinous,6
468,down.,6
469,pour.,6
470,getting,6
471,delightful,6
472,ml,6
473,palate.,6
474,worth,6
475,end,6
476,present.,6
477,though,6
478,good.,6
479,barrel.,6
480,done,6
481,pick,6
482,ends,6
483,coast,6
484,melon,6
485,years,6
486,syrup,6
487,stouts,6
488,probably,6
489,since,6
490,coffee.,6
491,use,6
492,character.,6
493,note.,6
494,"hops,",6
495,cake,5
496,jammy,5
497,"ipa,",5
498,bubbly,5
499,courtesy,5
500,"earthy,",5
501,funky,5
502,horse,5
503,date.,5
504,woody,5
505,charred,5
506,earthiness.,5
507,out.,5
508,completely,5
509,fizzy,5
510,fades,5
511,look:,5
512,shows,5
513,"apricot,",5
514,burn,5
515,similar,5
516,"cinnamon,",5
517,cinnamon.,5
518,carb,5
519,malty,5
520,massive,5
521,couple,5
522,burnt,5
523,"char,",5
524,come,5
525,"grass,",5
526,"heavy,",5
527,classic,5
528,moderately,5
529,new,5
530,"barrel,",5
531,expected.,5
532,overly,5
533,juice,5
534,one!,5
535,months,5
536,molasses,5
537,"rich,",5
538,four,5
539,layered,5
540,off-white,5
541,flavour,5
542,warm,5
543,aroma:,5
544,shared,5
545,sours,5
546,"hay,",5
547,"full,",5
548,tulip.,5
549,cold,5
550,sip,5
551,"here,",5
552,forward,5
553,absolutely,5
554,chili,5
555,although,5
556,plenty,5
557,different,5
558,"strong,",5
559,sharp,5
560,ton,5
561,snifter.,5
562,"flavor,",5
563,pitch,5
564,vintage.,5
565,"bitterness,",5
566,cheers!,5
567,resinous,5
568,heat,5
569,16,5
570,"fudge,",5
571,hot,5
572,certainly,5
573,lingers,5
574,"there,",5
575,chocolatey,5
576,"papaya,",5
577,"palate,",5
578,second,5
579,"medium,",5
580,level,5
581,abv.,5
582,tongue,5
583,received,5
584,served,5
585,tiny,5
586,highlights.,5
587,"zest,",5
588,extremely,5
589,degrees.,5
590,"plum,",5
591,sugary,5
592,"peel,",5
593,carb.,5
594,held,5
595,march,5
596,can't,5
597,clean,5
598,don’t,5
599,far,4
600,towards,4
601,barrel-aged,4
602,orange.,4
603,l,4
604,hit,4
605,f,4
606,250,4
607,bif,4
608,saison,4
609,foamy,4
610,"cherry,",4
611,sugar,4
612,ale,4
613,given,4
614,fully,4
615,"oaky,",4
616,de,4
617,fantastic.,4
618,taking,4
619,crackery,4
620,citrusy,4
621,"guava,",4
622,"flavors,",4
623,2017,4
624,barley,4
625,excellent.,4
626,"juicy,",4
627,"nectarine,",4
628,vinegar,4
629,lively,4
630,wood,4
631,sure.,4
632,viscous,4
633,add,4
634,"bready,",4
635,opens,4
636,in.,4
637,"lacing,",4
638,cocoa,4
639,thing,4
640,clarity,4
641,"initially,",4
642,underneath,4
643,throughout,4
644,take,4
645,coming,4
646,make,4
647,cans,4
648,darker,4
649,foam.,4
650,next,4
651,"though,",4
652,"cherries,",4
653,believe,4
654,made,4
655,be.,4
656,through.,4
657,tasting.,4
658,lime,4
659,trillium,4
660,goes,4
661,feel:,4
662,"yellow,",4
663,ipas,4
664,interesting,4
665,licorice,4
666,go,4
667,nicely,4
668,fruit.,4
669,–,4
670,bought,4
671,silky,4
672,grape,4
673,straw,4
674,passion,4
675,vinegar.,4
676,"tartness,",4
677,visible,4
678,prickly,4
679,unique,4
680,generous,4
681,pub,4
682,malt.,4
683,came,4
684,lemony,4
685,profile.,4
686,750,4
687,"style,",4
688,minerality,4
689,"tangerine,",4
690,"fresh,",4
691,"colour,",4
692,toffee,4
693,dark.,4
694,dank,4
695,stored,4
696,dry.,4
697,time.,4
698,buds,4
699,anything,4
700,aging,4
701,"vinegar,",4
702,velvety,4
703,"body,",4
704,robust,4
705,school,4
706,opened,4
707,roast,4
708,18,4
709,this.,4
710,nbs,4
711,wheat,4
712,"juice,",4
713,without,4
714,"brew,",4
715,perhaps,4
716,12,4
717,absolute,4
718,years.,4
719,sour.,4
720,collar,4
721,palate:,4
722,barleywine,4
723,ipa.,4
724,reddish,4
725,personal,4
726,trade,4
727,laces,4
728,lend,4
729,"cocoa,",4
730,behind,4
731,logic,4
732,airy,4
733,"fig,",4
734,16oz,4
735,create,4
736,light.,4
737,"barnyard,",4
738,loved,4
739,presence.,4
740,rind,4
741,inch,4
742,thin.,4
743,frothy,4
744,experience.,4
745,zero,4
746,charts,4
747,sip.,4
748,mix,4
749,makes,4
750,"quickly,",4
751,burn.,4
752,"coconut,",4
753,tasty,4
754,greets,4
755,wow.,4
756,farmhouse,4
757,"sweetness,",4
758,a:,4
759,hope,4
760,bite,4
761,layers,4
762,6,4
763,all.,4
764,raspberries,4
765,"raisins,",4
766,tap,4
767,vibrant,4
768,"in,",4
769,m:,4
770,must,4
771,pepper,4
772,saison.,4
773,srm,4
774,acidity.,3
775,done.,3
776,cherry.,3
777,lends,3
778,bite.,3
779,"side,",3
780,bubble,3
781,track,3
782,despite,3
783,american,3
784,slow,3
785,takes,3
786,russian,3
787,begins,3
788,batter,3
789,that’s,3
790,"one,",3
791,secondary,3
792,raspberries.,3
793,again.,3
794,beautifully,3
795,home,3
796,"drying,",3
797,fruited,3
798,brown.,3
799,share,3
800,**,3
801,bold,3
802,"light,",3
803,coarse,3
804,"oil,",3
805,qualities,3
806,people,3
807,warms.,3
808,5.,3
809,craft,3
810,resin.,3
811,candied,3
812,boozy.,3
813,"resin,",3
814,opaque.,3
815,whether,3
816,them.,3
817,large,3
818,aggressive,3
819,inky,3
820,hill,3
821,10%,3
822,truly,3
823,"thin,",3
824,balance.,3
825,treat,3
826,chewy.,3
827,brownie,3
828,beige,3
829,viscosity,3
830,aromatic.,3
831,glad,3
832,due,3
833,creaminess,3
834,"bite,",3
835,mildly,3
836,persistent,3
837,stands,3
838,t-,3
839,"dipa,",3
840,live,3
841,kinda,3
842,pulpy,3
843,a-,3
844,often,3
845,round,3
846,blend.,3
847,back.,3
848,dc.,3
849,"end,",3
850,flat.,3
851,wait,3
852,four-pack,3
853,trying,3
854,hype,3
855,12oz,3
856,already,3
857,"prune,",3
858,imagine,3
859,wonderful.,3
860,whiskey,3
861,plus,3
862,yeast,3
863,slick,3
864,emitted.,3
865,quick,3
866,juicy.,3
867,several,3
868,hits,3
869,beautiful.,3
870,west,3
871,drinks,3
872,noticeable,3
873,relatively,3
874,holding,3
875,50°f.,3
876,rated,3
877,"like,",3
878,hype.,3
879,balances,3
880,expecting,3
881,extra,3
882,rustic,3
883,"years,",3
884,alone,3
885,bready,3
886,slowly,3
887,"very,",3
888,buy,3
889,foam,3
890,"front,",3
891,backbone,3
892,spot,3
893,lambic,3
894,bubbles.,3
895,natural,3
896,acidic,3
897,enjoyable.,3
898,barrels.,3
899,"age,",3
900,allowed,3
901,wine.,3
902,malts.,3
903,caramel.,3
904,mainly,3
905,especially,3
906,fruits.,3
907,point,3
908,though.,3
909,start,3
910,tannic,3
911,toast,3
912,refreshing,3
913,typical,3
914,virtually,3
915,mind,3
916,highest,3
917,original,3
918,"berries,",3
919,cork,3
920,bubbles,3
921,funk.,3
922,"roasty,",3
923,found,3
924,"smoke,",3
925,prefer,3
926,"vinous,",3
927,4.25,3
928,leaning,3
929,equally,3
930,lead,3
931,"dark,",3
932,mouthfeel/body:,3
933,glass;,3
934,receding,3
935,cherries,3
936,spice.,3
937,overbearing.,3
938,detect,3
939,drinkability,3
940,created,3
941,rimming,3
942,added,3
943,heat.,3
944,capped,3
945,julius,3
946,sides,3
947,usual,3
948,rich.,3
949,opportunity,3
950,can’t,3
951,keeps,3
952,spiciness,3
953,alcohol.,3
954,"acidity,",3
955,aftertaste,3
956,porter,3
957,eventually,3
958,gonna,3
959,"wine,",3
960,clear.,3
961,warming.,3
962,"great,",3
963,hear,3
964,distinct,3
965,project,3
966,gritty,3
967,"character,",3
968,lemons,3
969,molasses.,3
970,bomber,3
971,"floral,",3
972,drier,3
973,"fluffy,",3
974,that.,3
975,particular,3
976,fudge,3
977,proper,3
978,near,3
979,belgian,3
980,had.,3
981,decadent,3
982,marked,3
983,nuanced,3
984,balanced.,3
985,wonderfully,3
986,dessert,3
987,rating,3
988,dissipated,3
989,away,3
990,weeks,3
991,"syrup,",3
992,blown,3
993,underripe,3
994,effervescence,3
995,"apple,",3
996,viscosity.,3
997,"grain,",3
998,flavours,3
999,pepper.,3
1000,warms,3
1001,remarkable,3
1002,lost,3
1003,brewed,3
1004,quality,3
1005,"bright,",3
1006,"retention,",3
1007,drinkable.,3
1008,"white,",3
1009,"crisp,",3
1010,jump,3
1011,evident,3
1012,citrus.,3
1013,batch.,3
1014,more.,3
1015,sugar.,3
1016,tasty.,3
1017,wet,3
1018,doughy,3
1019,true,3
1020,picking,3
1021,fig,3
1022,barnyard,3
1023,complex.,3
1024,swallow,3
1025,"bitter,",3
1026,brett,3
1027,settles,3
1028,generously,3
1029,drink:,3
1030,day.,3
1031,(and,3
1032,edge,3
1033,is.,3
1034,grapes,3
1035,brews,3
1036,oily,3
1037,impressive,3
1038,april,3
1039,coconut.,3
1040,recommend,3
1041,bottling,3
1042,awesome.,3
1043,malted,3
1044,produces,3
1045,present,3
1046,hazy.,3
1047,"brown,",3
1048,"chewy,",3
1049,"abv,",3
1050,others,3
1051,picked,3
1052,whole,3
1053,great.,3
1054,initial,3
1055,flavorful.,3
1056,2,3
1057,someone,3
1058,"pepper,",3
1059,warmth,3
1060,"pear,",3
1061,effervescent,3
1062,background.,3
1063,june,3
1064,enjoying,3
1065,moderate.,3
1066,remains,3
1067,close,3
1068,bomb.,3
1069,better.,3
1070,s-,3
1071,recent,3
1072,sort,3
1073,depth,3
1074,expected,3
1075,impression,3
1076,oh,3
1077,enjoy,3
1078,dated,3
1079,let,3
1080,gentle,3
1081,reviewed,3
1082,"flavour,",3
1083,2021.,3
1084,surprising,3
1085,nutty,3
1086,"funky,",3
1087,tad,3
1088,lean,2
1089,"cream,",2
1090,rusty,2
1091,hues.,2
1092,rough,2
1093,jackie,2
1094,"out,",2
1095,job,2
1096,provides,2
1097,smelling,2
1098,"cans,",2
1099,rum.,2
1100,og,2
1101,covering,2
1102,dissipation,2
1103,coats,2
1104,lack,2
1105,inches.,2
1106,red.,2
1107,milky,2
1108,cap.,2
1109,hazelnuts,2
1110,"and,",2
1111,tried,2
1112,sourness,2
1113,brew:,2
1114,holds,2
1115,copper,2
1116,"degrees,",2
1117,stays,2
1118,"phenols,",2
1119,test,2
1120,fingernail,2
1121,weak,2
1122,char,2
1123,lasts.,2
1124,pint,2
1125,backbone.,2
1126,easily,2
1127,.,2
1128,6%.,2
1129,gladly,2
1130,builds,2
1131,oz.,2
1132,raisins.,2
1133,picked-up,2
1134,fault,2
1135,otherwise,2
1136,texture.,2
1137,leads,2
1138,highlights,2
1139,100%,2
1140,smelled,2
1141,properly,2
1142,tastes.,2
1143,typically,2
1144,"warm,",2
1145,i’d,2
1146,figs,2
1147,piney,2
1148,so.,2
1149,available,2
1150,hands,2
1151,nosing,2
1152,speak,2
1153,50,2
1154,evolves,2
1155,coated,2
1156,idea,2
1157,able,2
1158,tasty!,2
1159,buttery,2
1160,"pour,",2
1161,earthiness,2
1162,silky.,2
1163,marshmallow,2
1164,obviously,2
1165,peppers,2
1166,unfortunately,2
1167,sent,2
1168,cranberry,2
1169,"however,",2
1170,"raspberries,",2
1171,quarter,2
1172,stopped,2
1173,puckering,2
1174,m-,2
1175,raisins,2
1176,dissipates,2
1177,"2018,",2
1178,strong.,2
1179,coating,2
1180,ris,2
1181,side.,2
1182,good!,2
1183,"port,",2
1184,tumbler;,2
1185,expect,2
1186,complements,2
1187,"can,",2
1188,pulled,2
1189,zealand,2
1190,06/04/21,2
1191,o-,2
1192,500,2
1193,there.,2
1194,knock,2
1195,peach.,2
1196,@fbarber,2
1197,season,2
1198,call,2
1199,375,2
1200,feels,2
1201,missing,2
1202,part,2
1203,wonderfully.,2
1204,espresso,2
1205,either,2
1206,"something,",2
1207,older,2
1208,fridge,2
1209,medium-,2
1210,"characteristics,",2
1211,overpowers,2
1212,underlying,2
1213,"2016,",2
1214,mustiness,2
1215,port,2
1216,ale.,2
1217,possibly,2
1218,shine,2
1219,"whiskey,",2
1220,creamsicle,2
1221,velvet,2
1222,"delicious,",2
1223,intro:,2
1224,put,2
1225,differences,2
1226,appears,2
1227,bitter.,2
1228,mil.,2
1229,thinner,2
1230,"dankness,",2
1231,fan,2
1232,trillium.,2
1233,open,2
1234,"experience,",2
1235,however,2
1236,mixed,2
1237,conclusion:,2
1238,selection,2
1239,"man,",2
1240,follows.,2
1241,leather.,2
1242,cola,2
1243,fudge.,2
1244,november,2
1245,away.,2
1246,2015,2
1247,bold.,2
1248,phenomenal.,2
1249,underneath.,2
1250,"blanket,",2
1251,poor,2
1252,oj.,2
1253,complexity.,2
1254,friend,2
1255,river,2
1256,"brett,",2
1257,bean,2
1258,says,2
1259,farmstead,2
1260,fridge.,2
1261,guys.,2
1262,drying,2
1263,"point,",2
1264,tartness.,2
1265,eight,2
1266,states,2
1267,hoping,2
1268,ales.,2
1269,2019.,2
1270,surprise,2
1271,impressive.,2
1272,ne,2
1273,bread,2
1274,tinge,2
1275,purchased,2
1276,dominating.,2
1277,fruitiness,2
1278,draft,2
1279,meant,2
1280,beers.,2
1281,overpowering,2
1282,"blend,",2
1283,closely,2
1284,"clear,",2
1285,peel,2
1286,touch.,2
1287,fragrant,2
1288,sheen,2
1289,steroids.,2
1290,rbesg,2
1291,(good,2
1292,brownish,2
1293,"is,",2
1294,--,2
1295,lace,2
1296,funky.,2
1297,blast,2
1298,pungent,2
1299,seen.,2
1300,overripe,2
1301,oranges,2
1302,proves,2
1303,shocking,2
1304,clinging,2
1305,nature,2
1306,"cake,",2
1307,flat,2
1308,neipa,2
1309,serious,2
1310,"edges,",2
1311,sea,2
1312,white.,2
1313,pull,2
1314,"hazy,",2
1315,"pine,",2
1316,assertive,2
1317,overall.,2
1318,tavour.,2
1319,sticks,2
1320,(not,2
1321,"ale,",2
1322,char.,2
1323,ones,2
1324,tones.,2
1325,hides,2
1326,mahogany,2
1327,primarily,2
1328,providing,2
1329,delicately,2
1330,higher,2
1331,semisweet,2
1332,superb,2
1333,released,2
1334,plums,2
1335,generosity,2
1336,rounded,2
1337,(although,2
1338,"clean,",2
1339,overbearing,2
1340,grand,2
1341,"powder,",2
1342,thinking,2
1343,isn’t,2
1344,ago.,2
1345,collar.,2
1346,latter,2
1347,"musty,",2
1348,cacao,2
1349,roastiness,2
1350,build,2
1351,"pop,",2
1352,bit.,2
1353,"so,",2
1354,accessible,2
1355,month,2
1356,edges.,2
1357,"vintage,",2
1358,tannins.,2
1359,mint,2
1360,"anise,",2
1361,bad,2
1362,2013,2
1363,"boozy,",2
1364,sublime.,2
1365,base.,2
1366,sipper,2
1367,"subtle,",2
1368,"wow,",2
1369,"category,",2
1370,noir,2
1371,"oranges,",2
1372,"thanks,",2
1373,"expected,",2
1374,support,2
1375,"stuff,",2
1376,turbid,2
1377,exceptionally,2
1378,softer,2
1379,apricots,2
1380,"ago,",2
1381,"gentle,",2
1382,dusty,2
1383,papaya.,2
1384,silty,2
1385,earthy.,2
1386,"awhile,",2
1387,mature,2
1388,contributing,2
1389,feeling,2
1390,"grains,",2
1391,of.,2
1392,finishing,2
1393,element,2
1394,deeper,2
1395,melange,2
1396,"honey,",2
1397,2020.,2
1398,wood.,2
1399,restrained,2
1400,"acidic,",2
1401,hot.,2
1402,crazy,2
1403,"be,",2
1404,"raisin,",2
1405,yeasty,2
1406,price,2
1407,cocoa.,2
1408,"before,",2
1409,throughout.,2
1410,cream.,2
1411,"them,",2
1412,variant,2
1413,fruitiness.,2
1414,dank.,2
1415,tones,2
1416,lactose,2
1417,fitting,2
1418,tough,2
1419,"unfortunately,",2
1420,"dates,",2
1421,"up,",2
1422,art,2
1423,"cookies,",2
1424,chunks,2
1425,mid-palate,2
1426,non-ba,2
1427,"big,",2
1428,"moderate,",2
1429,"dryness,",2
1430,"nuanced,",2
1431,point.,2
1432,get.,2
1433,"hue,",2
1434,oakiness.,2
1435,"fizzy,",2
1436,focus,2
1437,week,2
1438,bretty,2
1439,creamy.,2
1440,stouts.,2
1441,khaki,2
1442,"share,",2
1443,ground,2
1444,total,2
1445,bone,2
1446,tried.,2
1447,unripe,2
1448,experience,2
1449,brewery.,2
1450,"otherwise,",2
1451,relax,2
1452,original.,2
1453,brewery,2
1454,we'll,2
1455,not.,2
1456,"licorice,",2
1457,"much,",2
1458,musty,2
1459,"warms,",2
1460,case,2
1461,cbs,2
1462,maple.,2
1463,didn’t,2
1464,consumed.,2
1465,alert!,2
1466,"jam,",2
1467,bursting,2
1468,hay,2
1469,edges,2
1470,acquired,2
1471,mouth:,2
1472,lacto,2
1473,breweries.,2
1474,effervescence.,2
1475,refreshing.,2
1476,us,2
1477,rare,2
1478,scent,2
1479,nectarine,2
1480,"peak,",2
1481,"beers,",2
1482,version.,2
1483,coupled,2
1484,flavours.,2
1485,hefty,2
1486,regular,2
1487,gives,2
1488,class.,2
1489,refined,2
1490,rose,2
1491,allowing,2
1492,toasty,2
1493,okay;,2
1494,complexity,2
1495,tickles,2
1496,46,2
1497,way.,2
1498,sign,2
1499,let's,2
1500,stemmed,2
1501,magnificent,2
1502,pinot,2
1503,doesn’t,2
1504,initially,2
1505,neipa.,2
1506,#1,2
1507,wow!,2
1508,seem,2
1509,corked,2
1510,aromatic,2
1511,delicious!,2
1512,lets,2
1513,type,2
1514,stavanger.,2
1515,per,2
1516,intended,2
1517,omg!,2
1518,roast.,2
1519,single,2
1520,grapefruit.,2
1521,pineapple.,2
1522,"rear-lite,",2
1523,4.75,2
1524,"weed,",2
1525,rye,2
1526,lord,2
1527,cm,2
1528,according,2
1529,pine.,2
1530,complete,2
1531,faded,2
1532,3.75,2
1533,non,2
1534,whipped,2
1535,1.5,2
1536,"melon,",2
1537,concludes,2
1538,tangerine,2
1539,hunahpu,2
1540,led,2
1541,scale.,2
1542,dancing,2
1543,"marzipan,",2
1544,person,2
1545,pear,2
1546,gastric,2
1547,dankness.,2
1548,move,2
1549,ethanol,2
1550,cake.,2
1551,rating.,2
1552,degrees,2
1553,bring,2
1554,(maximum,2
1555,center,2
1556,mm,2
1557,seth.,2
1558,"cacao,",2
1559,seek,2
1560,five,2
1561,diminishing,2
1562,dipa,2
1563,yeast.,2
1564,"yeast,",2
1565,breakfast,2
1566,"fluid,",2
1567,company,2
1568,"ba,",2
1569,"dank,",2
1570,outstanding.,2
1571,bottles,2
1572,has.,2
1573,cardinal,2
1574,times,2
1575,drop,2
1576,meets,2
1577,"rind,",2
1578,resulting,2
1579,dankness,2
1580,iipa,2
1581,"density,",2
1582,"bubbles,",2
1583,final,2
1584,wheated,2
1585,messy,2
1586,short,2
1587,might,2
1588,"pour),",2
1589,honestly,2
1590,fingers,2
1591,bottom,2
1592,dance,2
1593,"really,",2
1594,haze,2
1595,leather,2
1596,cornucopia,2
1597,multiple,2
1598,crown,2
1599,based,2
1600,stuff,2
1601,"rye,",2
1602,finally,2
1603,"milky,",2
1604,throat,2
1605,#14.,2
1606,"drinkable,",2
1607,container),2
1608,nedipa.,2
1609,damn,2
1610,jester,2
1611,raw,2
1612,lives,2
1613,dd/mm/yy,2
1614,sense,2
1615,yellowish,2
1616,"hype,",2
1617,combines,2
1618,bland,2
1619,king,2
1620,nice.,2
1621,treehouse,2
1622,wanting,2
1623,"bar,",2
1624,"top,",2
1625,enticing,2
1626,diacetyl.,2
1627,protocol.,2
1628,dimethylsulfide,2
1629,featuring,2
1630,offering,2
1631,popping,2
1632,apricots.,2
1633,modest,2
1634,"version,",2
1635,guava,2
1636,"silky,",2
1637,oats,2
1638,"lambic,",2
1639,brandy,2
1640,raisin,2
1641,"peppers,",2
1642,hand,2
1643,deserving,2
1644,"bread,",2
1645,appearance.,2
1646,leave,2
1647,firm,2
1648,knocks,2
1649,sits,2
1650,"cm,",2
1651,streaks,2
1652,lending,2
1653,chance,2
1654,delicious.,2
1655,need,2
1656,st.,2
1657,opening,2
1658,lace.,2
1659,bittersweet,2
1660,twelve,2
1661,"iipa,",2
1662,intensely,2
1663,medium-full,2
1664,summation:,2
1665,seeking,2
1666,presence,2
1667,opened.,2
1668,suit,2
1669,anything.,2
1670,"berry,",2
1671,leans,2
1672,slightly.,2
1673,hyped,2
1674,drunk,2
1675,pastry.,2
1676,mf-,2
1677,zesty,2
1678,life,2
1679,behind.,2
1680,three,2
1681,cantaloupe,2
1682,simply,2
1683,chilies,2
1684,"porters,",2
1685,quality.,2
1686,"ris,",2
1687,ass,2
1688,else.,2
1689,"way,",2
1690,"effervescence,",2
1691,went,2
1692,aftertaste.,2
1693,smack,2
1694,work,2
1695,angry,2
1696,softness,2
1697,chair,2
1698,review.,2
1699,"seen,",2
1700,"finish,",2
1701,thank,2
1702,list,2
1703,difficult,2
1704,approaching,2
1705,juice.,2
1706,citra,2
1707,"heat,",2
1708,stem,2
1709,"appearance,",2
1710,wrap,2
1711,smooths,2
1712,balloon,2
1713,anywhere,2
1714,%,2
1715,somehow,2
1716,liquid,2
1717,maine,2
1718,carry,2
1719,washed,2
1720,(srm,2
1721,boy,2
1722,full-bodied,2
1723,"beans,",2
1724,bouquet,2
1725,helps,2
1726,important,2
1727,world.,2
1728,"plums,",2
1729,hue,2
1730,thickness,2
1731,figs.,2
1732,sandwich,2
1733,score,2
1734,dinner,2
1735,syrup.,2
1736,"damn,",2
1737,upfront,2
1738,form,2
1739,again!,2
1740,draft.,2
1741,happens,2
1742,music,1
1743,trace,1
1744,"grapes,",1
1745,"beginning,",1
1746,wildly,1
1747,bonds,1
1748,news:,1
1749,late,1
1750,smoooooooth.,1
1751,"never,",1
1752,floral.,1
1753,pillowy,1
1754,lactobacillius.,1
1755,note:,1
1756,mind.,1
1757,beverage.,1
1758,"lasting,",1
1759,easier,1
1760,offering.,1
1761,"opaque,",1
1762,"peppercorn,",1
1763,#9,1
1764,dryness,1
1765,fonteinen,1
1766,nondescript,1
1767,finishz.,1
1768,sur,1
1769,med,1
1770,dominates.,1
1771,intenst,1
1772,13,1
1773,merely,1
1774,wire,1
1775,en,1
1776,merkbar,1
1777,everything.,1
1778,frustrated,1
1779,"kitchen,",1
1780,"""cage""",1
1781,caged,1
1782,fills,1
1783,kbs,1
1784,sheets,1
1785,list.,1
1786,"brettanomyces,",1
1787,shocked,1
1788,cider,1
1789,snifter,1
1790,review…,1
1791,"snerpende,",1
1792,disagreeable,1
1793,smaken,1
1794,differ,1
1795,so-so,1
1796,"25,",1
1797,crowd,1
1798,canton,1
1799,pops,1
1800,#249,1
1801,lactobacillius,1
1802,er,1
1803,haziness.,1
1804,batches,1
1805,9/15/21.,1
1806,changes.,1
1807,"excellent,",1
1808,onsite,1
1809,becher.,1
1810,rank:,1
1811,park,1
1812,oat,1
1813,apples.,1
1814,2018.,1
1815,vs.,1
1816,jan,1
1817,preg,1
1818,october,1
1819,advocate,1
1820,sitron,1
1821,incredible;,1
1822,avslutningen.,1
1823,oxidised,1
1824,#163,1
1825,current,1
1826,subdued.,1
1827,son,1
1828,bitterhet,1
1829,av,1
1830,smelled.,1
1831,"foam,",1
1832,instead,1
1833,chardonnay,1
1834,medium+,1
1835,"video,",1
1836,sensory,1
1837,palate-,1
1838,srjc.,1
1839,bba,1
1840,discernible,1
1841,excesses,1
1842,"middle,",1
1843,"turbid,",1
1844,grape;,1
1845,walls,1
1846,twang,1
1847,"grassy,",1
1848,muddled,1
1849,example,1
1850,meshes,1
1851,extreme,1
1852,*this,1
1853,laden,1
1854,overdone,1
1855,240th,1
1856,1-finger,1
1857,250.,1
1858,biased,1
1859,rest,1
1860,peanut,1
1861,butter,1
1862,overwhelming.,1
1863,kettle,1
1864,stuck,1
1865,"oo,",1
1866,holy,1
1867,peaches!,1
1868,"kids,",1
1869,"pale,",1
1870,beautifully.,1
1871,lot.,1
1872,difference,1
1873,#239,1
1874,via,1
1875,slushy,1
1876,preceding,1
1877,"peaking,",1
1878,"shakes,",1
1879,resins,1
1880,;).,1
1881,waxy,1
1882,area,1
1883,mounded,1
1884,time;,1
1885,textured,1
1886,"soapy,",1
1887,stimuli,1
1888,webby,1
1889,bubblegum,1
1890,beneath,1
1891,8/11/21;,1
1892,spectrum.,1
1893,medley,1
1894,tapestry,1
1895,overlay,1
1896,steadily,1
1897,tangible,1
1898,closing.,1
1899,catty,1
1900,amalgam,1
1901,limey,1
1902,collective,1
1903,"pulp,",1
1904,quasi-bitter,1
1905,mushy,1
1906,except,1
1907,accented,1
1908,"cap,",1
1909,"resilient,",1
1910,9/2/21,1
1911,grit,1
1912,offers,1
1913,puréed,1
1914,tinges,1
1915,"nectar,",1
1916,"peppery,",1
1917,foam;,1
1918,"collar,",1
1919,liked,1
1920,reducing,1
1921,consistency,1
1922,sourness.,1
1923,waters,1
1924,else,1
1925,bill,1
1926,allston,1
1927,superb!,1
1928,brewers,1
1929,show,1
1930,passionfruit,1
1931,84/100,1
1932,"butter,",1
1933,years),1
1934,dominates,1
1935,"passionfruit,",1
1936,carbonated,1
1937,nonstop,1
1938,help,1
1939,accentuate.,1
1940,correct,1
1941,besides,1
1942,dragonfruit,1
1943,testing,1
1944,lulu's,1
1945,shooting,1
1946,barry,1
1947,roids…oh,1
1948,tupac,1
1949,"rattles,",1
1950,boom!,1
1951,rolls!,1
1952,‘94,1
1953,was.,1
1954,"wait,",1
1955,sum.,1
1956,northeudge,1
1957,miami,1
1958,'clean',1
1959,"on,",1
1960,tap(!),1
1961,"madness,",1
1962,putting,1
1963,bangers!,1
1964,reminiscent,1
1965,yesz,1
1966,chally,1
1967,predominace.,1
1968,awfully,1
1969,genuine,1
1970,artificial.,1
1971,"detected,",1
1972,topical,1
1973,suoerb,1
1974,"mango,pineapple",1
1975,2ipa,1
1976,melon.,1
1977,outstanding!,1
1978,die.,1
1979,"2""",1
1980,"malty,",1
1981,resinous.,1
1982,seat.,1
1983,chocolage,1
1984,"simple,",1
1985,month.,1
1986,prairies,1
1987,increase.,1
1988,oj/citrus,1
1989,burn/resin,1
1990,opening.,1
1991,update,1
1992,increments,1
1993,dye,1
1994,overtakes,1
1995,rolled,1
1996,bransy.,1
1997,terribly,1
1998,anticipated,1
1999,"basic,",1
2000,bakers,1
2001,fake.,1
2002,namely,1
2003,whereas,1
2004,"brownies,",1
2005,parts,1
2006,4/27/21,1
2007,resiny,1
2008,adjusts.,1
2009,"off-putting,",1
2010,"raspberry,",1
2011,olive,1
2012,offset,1
2013,becomes,1
2014,beauty.,1
2015,weed.,1
2016,swirl.,1
2017,wanderllama,1
2018,peeks,1
2019,dominant,1
2020,awesome!,1
2021,pithy,1
2022,gorgeous.,1
2023,rise.,1
2024,milder,1
2025,best.,1
2026,porter.,1
2027,combo!!!,1
2028,pop,1
2029,well-made,1
2030,chase.,1
2031,4-pack.,1
2032,comparing,1
2033,marvelously,1
2034,ordered,1
2035,thickly,1
2036,overwhelms.,1
2037,tabacco,1
2038,prune,1
2039,im,1
2040,"limited,",1
2041,selections,1
2042,ago,1
2043,cape,1
2044,memories,1
2045,"soda,",1
2046,does.,1
2047,gem.,1
2048,medium-hazy,1
2049,medium-sour,1
2050,grew,1
2051,(2018).,1
2052,challenging,1
2053,acquire,1
2054,spectrum,1
2055,slowly.fig,1
2056,spiced,1
2057,syrupy,1
2058,"quite,",1
2059,awhile.,1
2060,billing,1
2061,chocolate/fudge,1
2062,froth,1
2063,"chocolate,booze",1
2064,"thru,amazing",1
2065,nose.flavors,1
2066,vietnamese,1
2067,lived,1
2068,billowing,1
2069,"it,it",1
2070,end.wow,1
2071,bottle.pours,1
2072,goblet,1
2073,"stuff,been",1
2074,"cohesive,",1
2075,mellows,1
2076,draught,1
2077,transmission,1
2078,worthy,1
2079,counterparts.,1
2080,fresh.,1
2081,dissipated.,1
2082,63°.,1
2083,pre-pastry,1
2084,"cola,",1
2085,modern,1
2086,"spell,",1
2087,money,1
2088,drawing,1
2089,satisfying.,1
2090,nonexistent,1
2091,"2015,",1
2092,fair,1
2093,point).,1
2094,hefman.,1
2095,epic,1
2096,old/stale/burnt,1
2097,yrs,1
2098,(~5,1
2099,beware!,1
2100,sometimes,1
2101,fo.,1
2102,"availability,",1
2103,impression.,1
2104,web,1
2105,spider,1
2106,"lower,",1
2107,flakes,1
2108,founders!,1
2109,flowery,1
2110,working,1
2111,teku.,1
2112,melting,1
2113,spices,1
2114,showcasing,1
2115,tan/brown,1
2116,melange:,1
2117,afterwards!!,1
2118,"ny,",1
2119,octane.,1
2120,totally,1
2121,caps,1
2122,height.,1
2123,stout!!!!,1
2124,softness.,1
2125,currant,1
2126,1-2,1
2127,atop,1
2128,ffam,1
2129,"jellies,",1
2130,off-brand,1
2131,condensing,1
2132,vibe,1
2133,twang.,1
2134,silhouetted,1
2135,liquid.,1
2136,among,1
2137,versatile,1
2138,enhanced,1
2139,"called,",1
2140,midnight,1
2141,"richness,",1
2142,additional,1
2143,smoky,1
2144,"of,",1
2145,"soaked,",1
2146,"short,",1
2147,sipping,1
2148,poughkeepsie,1
2149,size,1
2150,"consider,",1
2151,goin',1
2152,ya,1
2153,on.,1
2154,expensive,1
2155,stealthily,1
2156,is:,1
2157,pumping.,1
2158,utility,1
2159,stinky,1
2160,"tropical,",1
2161,pushes,1
2162,befits,1
2163,5.25%,1
2164,wicked,1
2165,lemon-lime,1
2166,10.5%.,1
2167,"around,",1
2168,2nd,1
2169,face,1
2170,subsides,1
2171,summation,1
2172,"freshest,",1
2173,5/21/21,1
2174,burst,1
2175,11/11/20,1
2176,clumpy,1
2177,"creaminess,",1
2178,oklahoma,1
2179,distributors,1
2180,function,1
2181,collecting,1
2182,"presence,",1
2183,"""find"".",1
2184,"""bite""",1
2185,"with,",1
2186,porters).,1
2187,13%,1
2188,crushable,1
2189,ride,1
2190,classify,1
2191,sediment,1
2192,pith.,1
2193,"unison,",1
2194,england,1
2195,mineral,1
2196,roguer,1
2197,"ginger,",1
2198,"nice,",1
2199,ice,1
2200,limit,1
2201,melted,1
2202,(!).,1
2203,"luscious,",1
2204,hazey,1
2205,meld,1
2206,"ethanol,",1
2207,richness,1
2208,realized,1
2209,prime,1
2210,mondo,1
2211,cola.,1
2212,handful,1
2213,mostly.,1
2214,"disclosure,",1
2215,"spice,",1
2216,cereal.,1
2217,kriek/cherry,1
2218,lifting,1
2219,"noticeable,",1
2220,dessert-like.,1
2221,heavily,1
2222,hf,1
2223,fleeting,1
2224,huskiness,1
2225,"less,",1
2226,"aside,",1
2227,maltiness,1
2228,beer....,1
2229,"part,",1
2230,freakin’,1
2231,much.,1
2232,grains.,1
2233,brown/joan,1
2234,foreshadowing,1
2235,constructed,1
2236,8/30;,1
2237,lowlights.,1
2238,biting,1
2239,muted,1
2240,somewhere.,1
2241,"heft,",1
2242,yum.,1
2243,reputation,1
2244,offer.,1
2245,tends,1
2246,backdrop.,1
2247,risk,1
2248,"29th,",1
2249,1,1
2250,together.,1
2251,"gum,",1
2252,raisin.,1
2253,wife,1
2254,tallboy,1
2255,westbrook,1
2256,mine,1
2257,sum,1
2258,kingdom.,1
2259,superbly,1
2260,volume,1
2261,normally,1
2262,only.,1
2263,"heart,",1
2264,"driving,",1
2265,inoffensive,1
2266,chocolatey.,1
2267,"not,",1
2268,definite,1
2269,"receding,",1
2270,temptation,1
2271,"fan,",1
2272,pleaser,1
2273,grace,1
2274,subtle),1
2275,cocktail.,1
2276,"subdued,",1
2277,handled,1
2278,changed,1
2279,display,1
2280,baking,1
2281,brutally,1
2282,"kriek,",1
2283,inclined,1
2284,subject,1
2285,"immediate,",1
2286,lime.,1
2287,"strawberry,",1
2288,restraint,1
2289,own.,1
2290,"hazed,",1
2291,jumping,1
2292,cantillion,1
2293,dab,1
2294,"maillard,",1
2295,willi,1
2296,must-visit,1
2297,created.,1
2298,"wet,",1
2299,parade,1
2300,everett,1
2301,past.,1
2302,carefully,1
2303,shortlist,1
2304,barely,1
2305,"fluff,",1
2306,best-by,1
2307,"continues,",1
2308,contrast.,1
2309,belcher,1
2310,dominate.,1
2311,technical,1
2312,spot.,1
2313,precision,1
2314,maintained,1
2315,"24,",1
2316,originally,1
2317,solid!,1
2318,app,1
2319,2009,1
2320,sampled,1
2321,"clover,",1
2322,background,1
2323,opportunity!,1
2324,"tfontana,",1
2325,dissipates.,1
2326,grapefruity,1
2327,dryness.,1
2328,"liveliness,",1
2329,subtleties,1
2330,skosh,1
2331,integrity,1
2332,fell,1
2333,three-fingered,1
2334,next.,1
2335,"furthermore,",1
2336,england.,1
2337,discovered,1
2338,"earthiness,",1
2339,1660,1
2340,choreograph,1
2341,showcases,1
2342,swirl,1
2343,load.,1
2344,hazier,1
2345,supppose.,1
2346,exceptional,1
2347,upper,1
2348,"related,",1
2349,papaya,1
2350,mosaic,1
2351,low-carbonated,1
2352,preserve,1
2353,baked,1
2354,ne-style,1
2355,accent,1
2356,9/27:,1
2357,patient,1
2358,and/or,1
2359,hand.,1
2360,jett,1
2361,definitively,1
2362,lupulin,1
2363,watery,1
2364,brown/black,1
2365,distance.,1
2366,consume.,1
2367,"imho,",1
2368,"yes,",1
2369,(thank,1
2370,star,1
2371,biscuity,1
2372,you’ve,1
2373,"shine,",1
2374,"galaxy!),",1
2375,"tangerines,",1
2376,significantly,1
2377,wcipa,1
2378,ledger,1
2379,"feeling,",1
2380,pancake,1
2381,pancakes.,1
2382,pancakes,1
2383,cup,1
2384,finished,1
2385,ceding,1
2386,unfamiliar,1
2387,peel.,1
2388,terrible,1
2389,primary,1
2390,champion,1
2391,talked,1
2392,helped,1
2393,o's,1
2394,evaporated.,1
2395,1699,1
2396,attention.,1
2397,monster,1
2398,pried,1
2399,chunk,1
2400,concerns,1
2401,showing,1
2402,"smokiness,",1
2403,podcasts,1
2404,one-fingered,1
2405,"alcohol,",1
2406,detected,1
2407,brewery;,1
2408,"38,",1
2409,concerned.,1
2410,demands,1
2411,"off,",1
2412,immense,1
2413,cellared,1
2414,"thirdly,",1
2415,unless,1
2416,roasty.,1
2417,dissolved.,1
2418,"secondly,",1
2419,chunk.,1
2420,bls.,1
2421,anywhere.,1
2422,sad,1
2423,soon,1
2424,dismal,1
2425,spectacular,1
2426,heavy-handed,1
2427,true-crime,1
2428,"crust,",1
2429,saw,1
2430,"sips,",1
2431,debut.,1
2432,bud's,1
2433,permeates,1
2434,minutes.,1
2435,suffered.,1
2436,bodied.,1
2437,stick,1
2438,"occasions,",1
2439,shares,1
2440,"guys,",1
2441,dollars.,1
2442,sixteen,1
2443,distribute,1
2444,"trigger,",1
2445,"while,",1
2446,6/30/21,1
2447,age?,1
2448,canned-on,1
2449,guys,1
2450,pa,1
2451,ma.,1
2452,"havertown,",1
2453,buy.,1
2454,concept,1
2455,numerous,1
2456,occasions.,1
2457,sooner,1
2458,"marshmallow,",1
2459,dracula's,1
2460,attention,1
2461,"content,",1
2462,baller,1
2463,coffee-roast,1
2464,4-5,1
2465,vein-popping,1
2466,anymore.,1
2467,diabetics.,1
2468,paid,1
2469,"gone,",1
2470,"sugars,",1
2471,_,1
2472,long;,1
2473,smore's,1
2474,(oct),1
2475,night-box;,1
2476,"mouth-coating,",1
2477,sat,1
2478,sludgy.,1
2479,trapped,1
2480,"small,",1
2481,number,1
2482,(unlike,1
2483,hike!,1
2484,bardot,1
2485,born.,1
2486,"reals,",1
2487,smith,1
2488,providence,1
2489,whose,1
2490,civil,1
2491,florence,1
2492,acclaimed,1
2493,includes,1
2494,disobedience,1
2495,10.,1
2496,vanilla-like,1
2497,blending,1
2498,associated,1
2499,considering,1
2500,serving,1
2501,others.,1
2502,robin).,1
2503,fumble.,1
2504,bridgette,1
2505,hut!,1
2506,distro.,1
2507,thiccer,1
2508,dotty,1
2509,impact;,1
2510,intial,1
2511,tawny,1
2512,graham,1
2513,cracker,1
2514,prominent;,1
2515,cellar;,1
2516,ringlet;,1
2517,raul.is.feeling.this.,1
2518,terrific,1
2519,"outset,",1
2520,softening,1
2521,loser,1
2522,pure,1
2523,"yeah,",1
2524,bruce,1
2525,type:,1
2526,strength.,1
2527,wide,1
2528,10/22/21,1
2529,mild.,1
2530,07.28.20,1
2531,means.,1
2532,matter,1
2533,are.,1
2534,soapy,1
2535,complexion.,1
2536,eggshell,1
2537,approachable.,1
2538,veggies.,1
2539,oversized,1
2540,solidified,1
2541,"mean,",1
2542,"properly,",1
2543,"faint,",1
2544,"assassin,",1
2545,firstly,1
2546,none.,1
2547,tarted,1
2548,whatever,1
2549,50/50,1
2550,hidden,1
2551,dark/light,1
2552,chased,1
2553,"expedition,",1
2554,"batter,",1
2555,notch,1
2556,one-finger,1
2557,tg,1
2558,continues,1
2559,complimenting,1
2560,reduces,1
2561,nose;,1
2562,matches,1
2563,taken,1
2564,inspired,1
2565,sharpness,1
2566,8,1
2567,labeled,1
2568,mildness,1
2569,spectacular.,1
2570,accentuated,1
2571,skunky,1
2572,y'all,1
2573,soap.,1
2574,(whiskey/bourbon),1
2575,sweeten,1
2576,fine.,1
2577,sublime;,1
2578,blanc,1
2579,microflora.,1
2580,native,1
2581,brettanomyces,1
2582,superb:,1
2583,yikes.,1
2584,12%,1
2585,sucked,1
2586,"ken.pale,",1
2587,"citric,",1
2588,"overwhelming,",1
2589,feature,1
2590,right.,1
2591,aroma),1
2592,touches,1
2593,whiskey.,1
2594,"special,",1
2595,orangina.,1
2596,blancs,1
2597,privileged,1
2598,immediately,1
2599,stunning,1
2600,cantillon's,1
2601,"daddy,",1
2602,"lime,",1
2603,gambrinus.,1
2604,tremendous,1
2605,jam.,1
2606,darkness,1
2607,adjuncts.,1
2608,"yet,",1
2609,lingered,1
2610,balsamic,1
2611,recently,1
2612,fizzled,1
2613,@fbarber.,1
2614,missouri,1
2615,chardonnay;,1
2616,delight.,1
2617,"cloudy,",1
2618,logic.,1
2619,whisks,1
2620,ring.,1
2621,"anyone,",1
2622,stamp,1
2623,o'rear.,1
2624,strawberry-like,1
2625,"was,",1
2626,bomber's,1
2627,hell,1
2628,"worth,",1
2629,wasn't.,1
2630,nevertheless.,1
2631,lactose?,1
2632,sorcery,1
2633,"meant,",1
2634,bif.,1
2635,stonefruiy,1
2636,jay,1
2637,apparent,1
2638,minty,1
2639,chalky,1
2640,unpleasant,1
2641,jay!,1
2642,amount.,1
2643,"nuts,",1
2644,reading,1
2645,mushroom,1
2646,earth,1
2647,opinion:,1
2648,pecan,1
2649,dies,1
2650,humble,1
2651,"porter,",1
2652,supporting.,1
2653,focusing,1
2654,melds,1
2655,"walnut,",1
2656,bath,1
2657,"o's,",1
2658,this?,1
2659,used.,1
2660,"10,",1
2661,element.,1
2662,session,1
2663,what's,1
2664,season.,1
2665,"buddy-duddy,",1
2666,refreshingly,1
2667,satisfy,1
2668,satisfying,1
2669,lambic.,1
2670,copenhagen.,1
2671,kriek,1
2672,plan,1
2673,"b,",1
2674,"pucker,",1
2675,cherries.,1
2676,share.,1
2677,"mahogany,",1
2678,2012,1
2679,butterscotch,1
2680,"amazing,",1
2681,resin?,1
2682,"hoppy,",1
2683,thicker.,1
2684,bad!,1
2685,mango.,1
2686,09/23/20.,1
2687,sport.,1
2688,beans,1
2689,gracefully,1
2690,balls,1
2691,reminds,1
2692,become,1
2693,haziness,1
2694,favours,1
2695,99??,1
2696,included,1
2697,dish,1
2698,crazy!!,1
2699,package,1
2700,sounds,1
2701,noticed,1
2702,oil.,1
2703,overtones,1
2704,continued,1
2705,"booze,",1
2706,espresso.,1
2707,crushed,1
2708,chips,1
2709,cocoa-dusted,1
2710,b1,1
2711,tilquin,1
2712,minor,1
2713,esteem.,1
2714,segment,1
2715,pie,1
2716,peaches,1
2717,logsdon's,1
2718,brett.,1
2719,"that,",1
2720,'n,1
2721,pairing,1
2722,tart...,1
2723,effort,1
2724,issue,1
2725,peche,1
2726,euro,1
2727,"have,",1
2728,well-integrated,1
2729,saisons.,1
2730,food.,1
2731,abv...,1
2732,intriguing;,1
2733,like.,1
2734,"meal,",1
2735,haven’t,1
2736,interferes,1
2737,7,1
2738,"minerals,",1
2739,/,1
2740,b2).,1
2741,elsewhere,1
2742,guess,1
2743,cleanse,1
2744,premium,1
2745,enthusiasts.,1
2746,market,1
2747,follow;,1
2748,brett...,1
2749,passes,1
2750,"2020,",1
2751,rendition,1
2752,8.6%,1
2753,ale's,1
2754,"dedication,",1
2755,price.,1
2756,incomprehensible,1
2757,"almonds,",1
2758,summer,1
2759,snow,1
2760,"stowe,",1
2761,alchemist,1
2762,bacon.,1
2763,this!,1
2764,front.,1
2765,magical,1
2766,recommended.,1
2767,porter!,1
2768,@roguer,1
2769,jersey.,1
2770,knit,1
2771,presentation.,1
2772,bar,1
2773,khaki-colored,1
2774,gimmicky.,1
2775,deal,1
2776,6.4%,1
2777,impressed.,1
2778,lite/moderate,1
2779,box.,1
2780,dollars,1
2781,seventy,1
2782,heady:,1
2783,vermont,1
2784,hurt,1
2785,peaty,1
2786,bothers,1
2787,deathly,1
2788,shaped,1
2789,textures.,1
2790,cellared.,1
2791,"improved,",1
2792,spine,1
2793,creep,1
2794,"thickness,",1
2795,entrance,1
2796,"oh,",1
2797,faint.,1
2798,fb.,1
2799,delighted,1
2800,ht,1
2801,cents.,1
2802,seventh,1
2803,9,1
2804,abundant,1
2805,slumber,1
2806,stale,1
2807,support.,1
2808,also.,1
2809,fatiguing.,1
2810,ok.,1
2811,piss.,1
2812,cat,1
2813,dynamic,1
2814,aromas:,1
2815,turns,1
2816,carrel,1
2817,cirsp,1
2818,superb.,1
2819,barnyard-and-lemon,1
2820,"backend,",1
2821,"juiciest,",1
2822,near-white,1
2823,wisp.,1
2824,roll-ups.,1
2825,tightly,1
2826,hotd,1
2827,cookies,1
2828,9/23/2020.,1
2829,crunch,1
2830,mounds,1
2831,#13,1
2832,excitement.,1
2833,crafted,1
2834,leche,1
2835,some.,1
2836,finely,1
2837,last...,1
2838,satisfaction,1
2839,finally.,1
2840,check.,1
2841,"brewery,",1
2842,borracho,1
2843,friend.,1
2844,worse.,1
2845,soaked,1
2846,fortunate,1
2847,tongue-coating,1
2848,"store,",1
2849,"brandy,",1
2850,spirit,1
2851,3.25/4.25/4.25/2.25/4,1
2852,that...,1
2853,up!,1
2854,tear,1
2855,tonight,1
2856,mmm.....,1
2857,aside,1
2858,lactose.....,1
2859,old....,1
2860,sigh.....,1
2861,exceptioinal,1
2862,handle,1
2863,exceedingly,1
2864,old.,1
2865,integrated.,1
2866,abraxas,1
2867,westy,1
2868,before?,1
2869,future.,1
2870,stickee,1
2871,sick,1
2872,goddammmm,1
2873,days....,1
2874,quad,1
2875,ther,1
2876,wondeful,1
2877,"warmed,",1
2878,overt,1
2879,visible.,1
2880,confused,1
2881,signifying,1
2882,marshmallows.,1
2883,hydrox,1
2884,it?,1
2885,yummy,1
2886,though....,1
2887,stuff....,1
2888,exlax,1
2889,"matter,",1
2890,shit,1
2891,"it's,",1
2892,throw,1
2893,bowels,1
2894,reviewers,1
2895,find?,1
2896,doubt,1
2897,dig,1
2898,january,1
2899,chill,1
2900,breaking,1
2901,hammock,1
2902,mount,1
2903,children.,1
2904,chief,1
2905,"hatch,",1
2906,raul,1
2907,hammock.,1
2908,sunny,1
2909,booby,1
2910,hammock;,1
2911,chilling.,1
2912,"everest,",1
2913,beach,1
2914,peat,1
2915,scotch,1
2916,"cognac,",1
2917,interesting.,1
2918,sudsy,1
2919,"clementines,",1
2920,harsh,1
2921,pulled.,1
2922,component.,1
2923,firestone,1
2924,i’ll,1
2925,5/23/21,1
2926,theory.,1
2927,wake,1
2928,"""wow""",1
2929,damp,1
2930,12.7,1
2931,factor,1
2932,sweetarts.,1
2933,bat.,1
2934,lemon.,1
2935,sheet,1
2936,"chips,",1
2937,"sharp,",1
2938,cracked,1
2939,well-crafted,1
2940,real.,1
2941,hazed,1
2942,sloppy,1
2943,moment.,1
2944,|,1
2945,emperor,1
2946,‘wrong’,1
2947,either.,1
2948,understand,1
2949,special.,1
2950,"suggest,",1
2951,99,1
2952,milford,1
2953,"attractive,",1
2954,olfactories....,1
2955,finger-and-a-half,1
2956,around.,1
2957,"oily,",1
2958,duly,1
2959,"caramel/toffee,",1
2960,mimics,1
2961,prunes.,1
2962,2299,1
2963,lurking,1
2964,bosco-like,1
2965,ok,1
2966,less.,1
2967,standard,1
2968,basic,1
2969,berry/fruit,1
2970,grateful,1
2971,listed,1
2972,frank!,1
2973,sweetness?,1
2974,traps,1
2975,"huh,",1
2976,beginning,1
2977,beaut.,1
2978,there),1
2979,later.,1
2980,oakiness,1
2981,works,1
2982,descibe,1
2983,reminder,1
2984,ct.,1
2985,uhhh,1
2986,clothes.,1
2987,"bad,",1
2988,"choco,",1
2989,"rocky,",1
2990,snifterized....,1
2991,ipa-making,1
2992,rex.,1
2993,special,1
2994,aretha,1
2995,promising,1
2996,sending,1
2997,crisper,1
2998,ohio.,1
2999,"franklin,",1
3000,kiddo,1
3001,confident,1
3002,06/07/21,1
3003,kiss,1
3004,hershey,1
3005,days.,1
3006,habañero,1
3007,unignorable,1
3008,heft,1
3009,cool,1
3010,bois,1
3011,"4,",1
3012,tastes?),1
3013,cheers!!,1
3014,"disappoint,",1
3015,mmmm...,1
3016,saturday,1
3017,'zebo,1
3018,shadows,1
3019,layer,1
3020,eve....,1
3021,cans....,1
3022,18nov20....,1
3023,rain,1
3024,imo.,1
3025,purplish,1
3026,l:.,1
3027,o:.,1
3028,s:.,1
3029,t:.,1
3030,f:.,1
3031,22oz,1
3032,pine-sol,1
3033,meaning,1
3034,general,1
3035,shy,1
3036,midwest,1
3037,presented,1
3038,roasts.,1
3039,ovearll,1
3040,matters).,1
3041,"everyone,",1
3042,nailed,1
3043,(i,1
3044,semi-hazy,1
3045,sunshine,1
3046,opinion.,1
3047,undercuts,1
3048,cheesy,1
3049,arc…,1
3050,lasso,1
3051,bitterness;,1
3052,dose,1
3053,$21.99.,1
3054,refreshing!,1
3055,6/10,1
3056,sc,1
3057,quintessential,1
3058,enjoyable,1
3059,sized,1
3060,adjuncts,1
3061,"modest,",1
3062,sliding,1
3063,super-juicy,1
3064,softest-feeling,1
3065,clings,1
3066,tight,1
3067,drinking.,1
3068,pleasure,1
3069,"some,",1
3070,perfect.,1
3071,plum,1
3072,"fizz,",1
3073,affogato,1
3074,overpowering.,1
3075,rounded.,1
3076,foreground,1
3077,ample,1
3078,itself.,1
3079,hesitate,1
3080,purchase.,1
3081,7-29-21;,1
3082,decidedly,1
3083,inviting.,1
3084,t.,1
3085,deluge,1
3086,(that,1
3087,range,1
3088,therein.,1
3089,"expect,",1
3090,alongside,1
3091,"smoothe,",1
3092,accentuate,1
3093,"pairing,",1
3094,'ooh!',1
3095,joining,1
3096,"hot,",1
3097,hurdle,1
3098,situation,1
3099,#13.,1
3100,seeming,1
3101,reveal,1
3102,berries,1
3103,soul.,1
3104,offer,1
3105,10-12-21.,1
3106,pucker,1
3107,"neipa,",1
3108,center.,1
3109,9-8-21,1
3110,tw-greenville,1
3111,"hiss,",1
3112,"favors,",1
3113,guessing,1
3114,louis,1
3115,"still,",1
3116,astringency,1
3117,contained,1
3118,moment,1
3119,prevalent,1
3120,presents,1
3121,digit,1
3122,goodies,1
3123,raspberry.,1
3124,gorgeous,1
3125,components,1
3126,smoothie.,1
3127,"carefully,",1
3128,hazy...quickly,1
3129,loving,1
3130,"review,",1
3131,vanishing,1
3132,sensitive,1
3133,"toast,",1
3134,mandarin,1
3135,struggles,1
3136,caramelized,1
3137,foundation,1
3138,18-24,1
3139,"categories,",1
3140,consideration,1
3141,pilsner,1
3142,sustains.,1
3143,hurtful,1
3144,alot,1
3145,"feel,",1
3146,treehouse!,1
3147,curated,1
3148,gem,1
3149,"spiced,",1
3150,"needle,",1
3151,racy,1
3152,"ale""",1
3153,subjective.,1
3154,unique.,1
3155,nyc,1
3156,customary,1
3157,beer/beer,1
3158,soho,1
3159,career,1
3160,packs,1
3161,"""pale",1
3162,"lagers,",1
3163,wallop.,1
3164,while.,1
3165,running,1
3166,integrated,1
3167,30,1
3168,newer,1
3169,home.,1
3170,visited,1
3171,owner,1
3172,name),1
3173,another.,1
3174,nibs,1
3175,two-finger,1
3176,location,1
3177,mirrors,1
3178,database,1
3179,northeast,1
3180,bless,1
3181,refuse,1
3182,"aromas,",1
3183,substantial,1
3184,"attention,",1
3185,everywhere,1
3186,deserved.,1
3187,knocked,1
3188,dinner.,1
3189,weekend,1
3190,40,1
3191,"reason,",1
3192,breweries,1
3193,4.5,1
3194,survive,1
3195,"18%,",1
3196,awesome,1
3197,warmed,1
3198,living,1
3199,"moment,",1
3200,writing,1
3201,opinion,1
3202,giving,1
3203,"imperials,",1
3204,rotating,1
3205,life’s,1
3206,2013.,1
3207,someone’s,1
3208,"2013,",1
3209,"rating,",1
3210,02/05/21,1
3211,category.,1
3212,surprise.,1
3213,twinge,1
3214,special!,1
3215,tuesday.,1
3216,enthusiast,1
3217,needles),1
3218,washing,1
3219,coco,1
3220,grandpa.,1
3221,pronounced,1
3222,castaways,1
3223,youthful,1
3224,2021!,1
3225,"sampled,",1
3226,wise,1
3227,comparable,1
3228,kinds,1
3229,tony.,1
3230,slights,1
3231,clean.,1
3232,"murky,",1
3233,semi,1
3234,now.,1
3235,slightest,1
3236,flowers.,1
3237,grassiness,1
3238,peachy,1
3239,food,1
3240,beige.,1
3241,points.,1
3242,overcoming,1
3243,german,1
3244,descriptor.,1
3245,filling,1
3246,"know,",1
3247,crevices,1
3248,agree,1
3249,man.,1
3250,picks,1
3251,drinker.,1
3252,takeover.,1
3253,overwhelms,1
3254,fill,1
3255,father.,1
3256,"tastebuds,",1
3257,faithful,1
3258,"word,",1
3259,"has,",1
3260,kaki,1
3261,out!,1
3262,find.,1
3263,hf.,1
3264,shades,1
3265,pour-,1
3266,example.,1
3267,",no",1
3268,difference.,1
3269,smattering,1
3270,disappearing,1
3271,tounge.,1
3272,11/12/20,1
3273,company.,1
3274,"ipas,",1
3275,won’t,1
3276,etc.,1
3277,account,1
3278,pilsners,1
3279,fidi,1
3280,hay.,1
3281,grass.,1
3282,rain.,1
3283,actual,1
3284,line,1
3285,"brewers,",1
3286,link,1
3287,mbc,1
3288,picture,1
3289,grey.,1
3290,"lively,",1
3291,orange/gold.,1
3292,hard.,1
3293,searched,1
3294,work.,1
3295,tightest.,1
3296,noted.,1
3297,loaded,1
3298,orange-yellow,1
3299,shop,1
3300,brought,1
3301,orange/tangerines,1
3302,"did,",1
3303,recognize,1
3304,-the,1
3305,category,1
3306,nerds,1
3307,gravity.,1
3308,dangerously,1
3309,"airy,",1
3310,flip,1
3311,back-,1
3312,unabashed,1
3313,ideal,1
3314,lift,1
3315,connected,1
3316,fantasia,1
3317,high-density,1
3318,preference,1
3319,nights,1
3320,"ripe,",1
3321,yogurt,1
3322,"vanillin,",1
3323,bands,1
3324,"coaxing,",1
3325,flopping.,1
3326,abandon,1
3327,expression,1
3328,cooked,1
3329,"prodding,",1
3330,sara,1
3331,cardinal’s,1
3332,signs,1
3333,"fast,",1
3334,treehouse.,1
3335,56.3,1
3336,335ml,1
3337,expression.,1
3338,medium-full),1
3339,cannot,1
3340,falls,1
3341,pineapple-citrusy,1
3342,overwhelming,1
3343,flora,1
3344,equal,1
3345,imparted,1
3346,generic,1
3347,flora.,1
3348,"gold,",1
3349,brewers’,1
3350,"night,",1
3351,sam!,1
3352,foamy.,1
3353,thickness.,1
3354,tannin,1
3355,torn,1
3356,band,1
3357,penetration.,1
3358,2014,1
3359,compare,1
3360,cap/crown.,1
3361,blackcurrants.,1
3362,curtain,1
3363,all...,1
3364,"forest""",1
3365,"""fruits",1
3366,"2005,",1
3367,fucking,1
3368,it...,1
3369,"galaxy,",1
3370,describing,1
3371,shit...,1
3372,10/05/20.,1
3373,yum,1
3374,"viscous,",1
3375,"casks,",1
3376,interpretations,1
3377,parfait-like,1
3378,upon,1
3379,aspire,1
3380,"lactic,",1
3381,20/10/21.,1
3382,excellent!,1
3383,fou'foune.,1
3384,contrast,1
3385,mulled,1
3386,outside,1
3387,delivers.,1
3388,lactic,1
3389,adjacent,1
3390,(8.3,1
3391,"present,",1
3392,"4),",1
3393,harmony.,1
3394,"noir,",1
3395,tannins,1
3396,"forms,",1
3397,"malt-first,",1
3398,"detracting,",1
3399,lacking,1
3400,fun,1
3401,ten,1
3402,three-dimensional,1
3403,coloring.,1
3404,"3),",1
3405,wc,1
3406,4.5.,1
3407,borders,1
3408,original_gravity,1
3409,thread.,1
3410,expedition,1
3411,(10/05/2017),1
3412,"expo,",1
3413,imaginary.,1
3414,sitting,1
3415,plummy,1
3416,nib,1
3417,"fading,",1
3418,"runny,",1
3419,11/2/2020,1
3420,orange/copper,1
3421,argue,1
3422,“09/28/21”.,1
3423,socks,1
3424,imho.,1
3425,significant,1
3426,vying,1
3427,perfected,1
3428,trip,1
3429,8.5%,1
3430,shifting,1
3431,hazes,1
3432,#246,1
3433,spots.,1
3434,random,1
3435,appropriate,1
3436,"hop,",1
3437,start.,1
3438,lightest,1
3439,@roy_hobbs,1
3440,pte,1
3441,overshadowing,1
3442,cuts,1
3443,"umami,",1
3444,(perhaps,1
3445,mild-moderate,1
3446,"stout),",1
3447,"razor-thin,",1
3448,chew,1
3449,gggreennn,1
3450,ultra-thin,1
3451,38.8,1
3452,creating,1
3453,subdued,1
3454,fudgy,1
3455,whisper,1
3456,"minutes,",1
3457,(which,1
3458,penny,1
3459,columns.,1
3460,"want,",1
3461,body:,1
3462,"spearmint,",1
3463,metallic,1
3464,ultimately,1
3465,cocoa-like,1
3466,fluid,1
3467,expo,1
3468,shortcut,1
3469,"milk,",1
3470,"but,persistent",1
3471,"nuttiness,",1
3472,bloom.,1
3473,favourite,1
3474,begin,1
3475,"mine,",1
3476,hopes,1
3477,unlike,1
3478,bell's,1
3479,stamped,1
3480,"delivery,",1
3481,ultimate,1
3482,bourbon-y,1
3483,"hazelnut,",1
3484,"superior,",1
3485,knows,1
3486,gram,1
3487,bernardus,1
3488,"keep,wishing",1
3489,"barn,",1
3490,sherry,1
3491,lasts,1
3492,rip,1
3493,cacao/char/blackened,1
3494,he's,1
3495,"gums,",1
3496,"phenolic,",1
3497,"hold,",1
3498,baker's,1
3499,"crackers,",1
3500,"volcano,",1
3501,burned,1
3502,"squint,",1
3503,"astringent,",1
3504,ale;,1
3505,"balance,",1
3506,falling,1
3507,absorbing,1
3508,adore,1
3509,"rrb,",1
3510,photon,1
3511,"slight,",1
3512,"barleywines,",1
3513,hidden.,1
3514,powerful,1
3515,combining,1
3516,wedding,1
3517,cognac,1
3518,"times,",1
3519,"15,",1
3520,"sudsy,",1
3521,russian-style,1
3522,"legend,",1
3523,tongue.,1
3524,"drier,",1
3525,"mexican,",1
3526,upping,1
3527,"element,",1
3528,"best,",1
3529,44,1
3530,"blueberry,",1
3531,tricky,1
3532,compared,1
3533,"latter,",1
3534,bracing,1
3535,"complexion,",1
3536,darkest,1
3537,"sought-after,",1
3538,outdo,1
3539,1679,1
3540,delightfully,1
3541,"herbal,",1
3542,enough.,1
3543,"medium-light,",1
3544,wait!,1
3545,waiting,1
3546,"""champagne""",1
3547,"14-02-2007,",1
3548,misprint.,1
3549,astringent,1
3550,"""best",1
3551,"before""",1
3552,norway,1
3553,relegated,1
3554,"emerges,",1
3555,nudging,1
3556,"ester,",1
3557,ballet,1
3558,beer's,1
3559,supplication,1
3560,theme,1
3561,main,1
3562,forming,1
3563,glow,1
3564,grows,1
3565,factor.,1
3566,apart;,1
3567,thread,1
3568,relate,1
3569,4.0,1
3570,contributes,1
3571,"fine,",1
3572,21,1
3573,"cider,",1
3574,raisiny,1
3575,expertly,1
3576,"rasin,",1
3577,300,1
3578,room,1
3579,these…,1
3580,today.,1
3581,tart.,1
3582,iteration,1
3583,....,1
3584,took,1
3585,lush,1
3586,"iipas,",1
3587,instant,1
3588,fragrant.,1
3589,perceived,1
3590,"huge,",1
3591,failing,1
3592,forever.,1
3593,bugger,1
3594,squeeze.,1
3595,wax,1
3596,revered,1
3597,temp,1
3598,blackback,1
3599,co.,1
3600,america,1
3601,wrong.,1
3602,masterpiece.,1
3603,15%,1
3604,2.,1
3605,"warming,",1
3606,show.,1
3607,farmstead.,1
3608,maine.,1
3609,purple,1
3610,...,1
3611,waterbury.,1
3612,dirt,1
3613,"profile,",1
3614,road,1
3615,stout!,1
3616,thought,1
3617,reception.,1
3618,licorice.,1
3619,.....maine,1
3620,bordering,1
3621,espresso-,1
3622,"immediately,",1
3623,faintest,1
3624,peruvian,1
3625,"strawberry?),",1
3626,accord,1
3627,"treacle,",1
3628,5/20/21,1
3629,vinous.,1
3630,resurfacing,1
3631,"twist,",1
3632,"spices,",1
3633,mexican,1
3634,strawberry.,1
3635,future,1
3636,treat.,1
3637,"lingers,",1
3638,"impressed,",1
3639,july,1
3640,want!,1
3641,donniet79,1
3642,"bold,",1
3643,straw.,1
3644,marzipan,1
3645,unbelievable,1
3646,tangerine.,1
3647,"background,",1
3648,"aspects,",1
3649,foams,1
3650,swear,1
3651,english,1
3652,barleywine.,1
3653,"sweeter,",1
3654,produced,1
3655,7/1/21.,1
3656,underpinning,1
3657,cloudy/milky,1
3658,dialed-in,1
3659,tangy,1
3660,orangish/yellow,1
3661,unbalanced,1
3662,room.,1
3663,accustomed,1
3664,"(cherry,",1
3665,stable.,1
3666,grade,1
3667,reads,1
3668,stupid,1
3669,galore,1
3670,"from,",1
3671,elite,1
3672,beer...,1
3673,september,1
3674,t.f:,1
3675,cream...,1
3676,dogfish,1
3677,watering,1
3678,wanted,1
3679,developed,1
3680,form.,1
3681,new-kid,1
3682,grapefruits.,1
3683,spot-on,1
3684,bigger,1
3685,"shockingly,",1
3686,heady!,1
3687,smooth...,1
3688,opaque...,1
3689,essence,1
3690,thankful!,1
3691,"forward,",1
3692,hyped.,1
3693,walking,1
3694,"puckery,",1
3695,"nectarous,",1
3696,unmalted,1
3697,"real,",1
3698,wow,1
3699,head-start,1
3700,"too,",1
3701,bodied...,1
3702,entirely,1
3703,"course,",1
3704,hoped,1
3705,"deliver,",1
3706,booze.,1
3707,there're,1
3708,they?,1
3709,"fantastic,",1
3710,juice...,1
3711,hearty,1
3712,"02-2007,",1
3713,record,1
3714,traveled.,1
3715,$25,1
3716,"dinner,",1
3717,"tuesday,",1
3718,17%,1
3719,"2007,",1
3720,who's,1
3721,celebrate,1
3722,"now,",1
3723,ratings.,1
3724,"loved,",1
3725,framboise.,1
3726,5%.,1
3727,guy,1
3728,see.,1
3729,plan.,1
3730,liter,1
3731,waited,1
3732,schaerbeek,1
3733,man,1
3734,father's,1
3735,exquisite.,1
3736,"snifter,",1
3737,resin,1
3738,saying,1
3739,dipa.,1
3740,word.,1
3741,impressed,1
3742,deserves,1
3743,lou,1
3744,pepe,1
3745,husband.,1
3746,"cold,",1
3747,job.,1
3748,"year,",1
3749,stings,1
3750,licked,1
3751,financial,1
3752,indian,1
3753,bubbled,1
3754,county,1
3755,"time,",1
3756,beer-drinking,1
3757,indeed.,1
3758,impressively,1
3759,decide,1
3760,grapefruit/citrus,1
3761,theres,1
3762,medium-bodied,1
3763,nelson,1
3764,amber-yellow,1
3765,produce,1
3766,following,1
3767,mouth-feel:,1
3768,was/is,1
3769,alive.,1
3770,peppercorn,1
3771,class;,1
3772,improve;,1
3773,beast,1
3774,undercurrents.,1
3775,"shading,",1
3776,moniker,1
3777,enters,1
3778,counter,1
3779,ipa/iipa.,1
3780,glassed.,1
3781,desert,1
3782,"caramel/toffee/vanilla/malt,",1
3783,(vinmonopolet).,1
3784,foreboding,1
3785,prepared.,1
3786,px,1
3787,brussels.,1
3788,longtime,1
3789,"note,",1
3790,concentrate.,1
3791,die,1
3792,generous-sized,1
3793,gradually.,1
3794,trends,1
3795,iipa.,1
3796,legendary,1
3797,faded.,1
3798,laced,1
3799,machine,1
3800,"honest,",1
3801,mood,1
3802,more.....,1
3803,simple,1
3804,further.,1
3805,"wild,",1
3806,whiskey;,1
3807,"reputation,",1
3808,summery,1
3809,thrown,1
3810,gets.,1
3811,safe,1
3812,ferment,1
3813,pils,1
3814,scoring,1
3815,gem!,1
3816,love.,1
3817,fits,1
3818,dark-tan,1
3819,downright,1
3820,oldie,1
3821,evolve,1
3822,creaminess.,1
3823,atop.,1
3824,"suffice,",1
3825,controversial,1
3826,steps,1
3827,floral/herbal,1
3828,skimming,1
3829,sweeter,1
3830,release,1
3831,8/24/21,1
3832,bites.,1
3833,"for,",1
3834,"high,",1
3835,"wood,",1
3836,hold,1
3837,measure.,1
3838,parabola.,1
3839,def,1
3840,dimension,1
3841,gotten,1
3842,garde,1
3843,is...,1
3844,grassy,1
3845,20,1
3846,jaded,1
3847,#17,1
3848,"wonderful,",1
3849,stemless,1
3850,verdict:,1
3851,"fruitiness,",1
3852,"quality,",1
3853,chewy,1
3854,"undated,",1
3855,"hues,",1
3856,"alright,",1
3857,garde.,1
3858,bacterial,1
3859,funkiness,1
3860,"barrels,",1
3861,regarded,1
3862,result,1
3863,dominated,1
3864,nosing.,1
3865,currently,1
3866,wanna,1
3867,"bro,",1
3868,demonstrates,1
3869,access,1
3870,2007,1
3871,fo5s,1
3872,8/13/20,1
3873,triple,1
3874,updated,1
3875,blueberry,1
3876,blueberries,1
3877,colour.,1
3878,"glasgow,",1
3879,let’s,1
3880,honey.,1
3881,suggest.,1
3882,develops,1
3883,"chocolate/fudge,",1
3884,molé,1
3885,kick,1
3886,teku,1
3887,year,1
3888,"done,",1
3889,#777,1
3890,thus,1
3891,assuming,1
3892,house;,1
3893,release.,1
3894,buddy,1
3895,managed,1
3896,mapley,1
3897,year’s,1
3898,legs,1
3899,rum,1
3900,adams,1
3901,sam,1
3902,wasting,1
3903,freiends!,1
3904,me!,1
3905,6%,1
3906,flavorful,1
3907,alcoholic,1
3908,somewhere,1
3909,necessarily,1
3910,tingle,1
3911,couldn’t,1
3912,oliphant,1
3913,fancy,1
3914,expectations,1
3915,"straw,",1
3916,lover.,1
3917,hell.,1
3918,vintages,1
3919,coffee-flavored,1
3920,heavenly.,1
3921,two-fingered,1
3922,1656,1
3923,beer;,1
3924,shoutout,1
3925,tingling,1
3926,"get,",1
3927,"26,",1
3928,tobacco.,1
3929,strongest,1
3930,cherish,1
3931,tempering,1
3932,shot,1
3933,must-try,1
3934,usually,1
3935,ba!,1
3936,5th,1
3937,"buds,",1
3938,38,1
3939,serve,1
3940,exhale,1
3941,"syrupy,",1
3942,holy.,1
3943,4.25.,1
3944,"none,",1
3945,56.8,1
3946,approaches,1
3947,0.9,1
3948,24/10/21.,1
3949,remainder.,1
3950,"grape,",1
3951,@snaotheus.,1
3952,"rings,",1
3953,release),1
3954,60.4,1
3955,22,1
3956,fo5s.,1
3957,freemont.,1
3958,dependent.,1
3959,lif,1
3960,luscious,1
3961,michigan.,1
3962,i'll,1
3963,plead,1
3964,tremendously,1
3965,sugars,1
3966,top/too,1
3967,trades,1
3968,(2021,1
3969,hardly,1
3970,palates.,1
3971,am.,1
3972,age),1
3973,chug,1
3974,across,1
3975,film,1
3976,candi,1
3977,come.,1
3978,(12.3,1
3979,12.3%,1
3980,nail,1
3981,tuesday,1
3982,deeply,1
3983,ruled,1
3984,fb,1
3985,adds,1
3986,wrong,1
3987,juiciness,1
3988,cheers,1
3989,tint,1
3990,enhancing,1
3991,"upfront,",1
3992,brew.,1
3993,"wheat,",1
3994,lucky,1
3995,fresher,1
3996,beyond,1
3997,sparse,1
3998,monster.,1
3999,"batch,",1
4000,unbelievably,1
4001,course.,1
4002,age.,1
4003,great!,1
4004,residual,1
4005,wakes,1
4006,sharply,1
4007,unexpected,1
4008,buried,1
4009,"same,",1
4010,61,1
4011,"predominate,",1
4012,"40),",1
4013,penetrate,1
4014,appreciated,1
4015,reviews,1
4016,"ever,",1
4017,julius.,1
4018,pervasive,1
4019,happy,1
4020,#3,1
4021,ba.,1
4022,dont,1
4023,"days,",1
4024,lifetime,1
4025,fucking.,1
4026,utopias.,1
4027,64oz,1
4028,medium/light,1
4029,citrusy/grapefruit,1
4030,anticipated.,1
4031,covid,1
4032,"these,",1
4033,pungent.,1
4034,2015.,1
4035,girlfriend,1
4036,land,1
4037,oxidization.,1
4038,carbonation..,1
4039,resin-y,1
4040,addition,1
4041,over-ripe,1
4042,(west,1
4043,fullness.,1
4044,growler,1
4045,portuguese,1
4046,duty,1
4047,"looks,",1
4048,"face""",1
4049,"look,",1
4050,n14,1
4051,"ipa),",1
4052,"apples,",1
4053,"translucent,",1
4054,stellar,1
4055,tarty,1
4056,conditions,1
4057,attractive,1
4058,19/20.,1
4059,underlies,1
4060,10.10.21.,1
4061,wilds,1
4062,repeating.,1
4063,"""in",1
4064,eating,1
4065,inside.,1
4066,dec.,1
4067,planet,1
4068,chock,1
4069,cara,1
4070,brewing.,1
4071,"sherry,",1
4072,melded,1
4073,oaslts,1
4074,lemongrass,1
4075,legs?,1
4076,(nutty),1
4077,kiwi,1
4078,piercing,1
4079,skinned,1
4080,"cooked,",1
4081,countered,1
4082,gourds.,1
4083,aroma;,1
4084,sprite-vanilla,1
4085,them?,1
4086,jelly,1
4087,grounded,1
4088,med-full,1
4089,"golden-orange,",1
4090,whatsoever.,1
4091,"bellies,",1
4092,"powerful,",1
4093,packed,1
4094,expecting.,1
4095,honeydew,1
4096,quickly.,1
4097,over-ripened,1
4098,drinking:,1
4099,3/12/20.,1
4100,"bubblegum,",1
4101,filled,1
4102,jury,1
4103,tom,1
4104,pliny,1
4105,deliciously,1
4106,3-4,1
4107,"incredible,",1
4108,today,1
4109,"sip,",1
4110,bread.,1
4111,appetizing,1
4112,"9/17/20,",1
4113,11/2/2020.,1
4114,"funkiness,",1
4115,"tannic,",1
4116,began.,1
4117,"biscuit,",1
4118,forms,1
4119,still.,1
4120,stronger,1
4121,city,1
4122,shine.,1
4123,"tasty,",1
4124,elder.,1
4125,pizza,1
4126,sting.,1
4127,became,1
4128,chip,1
4129,ever.,1
4130,dissolves,1
4131,bacon,1
4132,lower,1
4133,maple-spiked,1
4134,cola-black,1
4135,watching,1
4136,"bits,",1
4137,someday.,1
4138,hunt,1
4139,tap.,1
4140,break,1
4141,cognac.,1
4142,unreal,1
4143,#800,1
4144,thoroughly,1
4145,presentation,1
4146,stop,1
4147,pru,1
4148,hours,1
4149,whale.,1
4150,cigar,1
4151,decadence,1
4152,"chilies,",1
4153,"rum,",1
4154,penetration,1
4155,rim,1
4156,third,1
4157,ounce,1
4158,salad,1
4159,mug).,1
4160,1/2,1
4161,"(er,",1
4162,loud,1
4163,currants.,1
4164,medium-plus,1
4165,mist.,1
4166,maroon,1
4167,pharmaceutical.,1
4168,danky.,1
4169,05,1
4170,"blankets,",1
4171,48,1
4172,1598,1
4173,"esters,",1
4174,dissipation.,1
4175,combination,1
4176,consecration,1
4177,"today,",1
4178,pulling,1
4179,harmonious,1
4180,bear,1
4181,gave,1
4182,caramely,1
4183,booziness.,1
4184,"each,",1
4185,cookies.,1
4186,cold-brew,1
4187,"bacon,",1
4188,anise.,1
4189,foods,1
4190,woah.,1
4191,works.,1
4192,exemplar,1
4193,underpinned,1
4194,mix.,1
4195,mingle,1
4196,"toasty,",1
4197,"caramely,",1
4198,"nutty,",1
4199,backend.,1
4200,hat,1
4201,jerry.,1
4202,tan-khaki,1
4203,"numbers,",1
4204,"rounded,",1
4205,shared.,1
4206,fuzzy,1
4207,cling,1
4208,"formation,",1
4209,instantly,1
4210,light-bodied,1
4211,survived,1
4212,vitamin,1
4213,"horsey,",1
4214,recognisable.,1
4215,lifted,1
4216,east,1
4217,champagne-like.,1
4218,improve,1
4219,magnolia,1
4220,"once,",1
4221,"as-is,",1
4222,minerality.,1
4223,"stones,",1
4224,candy.,1
4225,"etc..,",1
4226,40°f,1
4227,ultra,1
4228,"foggy,",1
4229,prior,1
4230,explodes,1
4231,delightful.,1
4232,"ways,",1
4233,"aspirin,",1
4234,compounded,1
4235,mineral-rich,1
4236,elevated.,1
4237,insane,1
4238,turning,1
4239,neither,1
4240,surrounded,1
4241,seriously,1
4242,"gardenia,",1
4243,stable,1
4244,spots,1
4245,"shells,",1
4246,"leaves,",1
4247,"rosé),",1
4248,allows,1
4249,lacking.,1
4250,"gooseberry,",1
4251,"stone,",1
4252,lot's,1
4253,smoked,1
4254,ashes,1
4255,streaks.,1
4256,liquor.,1
4257,astringant,1
4258,wezenberg,1
4259,sigar,1
4260,resembles,1
4261,"mais),",1
4262,rich:,1
4263,(oat,1
4264,develloped.,1
4265,"(pear,",1
4266,"dates),",1
4267,9/29/21),1
4268,marijuana,1
4269,turn,1
4270,ah,1
4271,over.,1
4272,cereals,1
4273,granola,1
4274,fresh-squeezed,1
4275,try.,1
4276,lifeless.,1
4277,blanket,1
4278,adf,1
4279,farmy,1
4280,cereal,1
4281,c,1
4282,backbeats.,1
4283,"pedio,",1
4284,juicy!,1
4285,up.,1
4286,"8%,",1
4287,(like,1
4288,fuzzy.,1
4289,basis.,1
4290,champaign,1
4291,sheridans,1
4292,amarula.,1
4293,lifts,1
4294,"attic,",1
4295,horse.,1
4296,"spritzy,",1
4297,bucks,1
4298,right...,1
4299,rochefort,1
4300,feelings...,1
4301,"fremont,",1
4302,circumstances.,1
4303,scientific,1
4304,staves,1
4305,built,1
4306,dates,1
4307,someday,1
4308,lately,1
4309,appropriate.,1
4310,heap.,1
4311,maybe.,1
4312,yet.,1
4313,pyre,1
4314,edition.,1
4315,funeral,1
4316,anything...,1
4317,fremont,1
4318,spent,1
4319,peels,1
4320,“dessert”,1
4321,face...,1
4322,6/12/21,1
4323,authentic,1
4324,chardlogic.,1
4325,bottling.,1
4326,1/21,1
4327,label,1
4328,blended,1
4329,reason.,1
4330,believe.,1
4331,gueuze,1
4332,#7,1
4333,masters.,1
4334,"magnificent,",1
4335,cheaper,1
4336,roastier.,1
4337,"b-bomb,",1
4338,spoiling,1
4339,floaties,1
4340,disappeared,1
4341,rover,1
4342,"strangely,",1
4343,"honeysuckle,",1
4344,"sparse,",1
4345,salinity.,1
4346,"backbone,",1
4347,elements,1
4348,seeing,1
4349,pair,1
4350,"bales,",1
4351,"(riesling,",1
4352,cask,1
4353,draws,1
4354,pitty,1
4355,completely.,1
4356,"tame,",1
4357,"petrichor,",1
4358,nutmeg,1
4359,"shavings,",1
4360,saturated,1
4361,(almost,1
4362,"base,",1
4363,astringency.,1
4364,heaps,1
4365,brightness.,1
4366,recognisable,1
4367,ia,1
4368,"gris),",1
4369,gooozie,1
4370,mineralic,1
4371,"cellar,",1
4372,swallow.,1
4373,"lilac,",1
4374,dries,1
4375,"reemerge,",1
4376,pulp,1
4377,flavour.,1
4378,"sweaty,",1
4379,nose),1
4380,"blossoms,",1
4381,"puckering,",1
4382,"blackberry,",1
4383,subtlety.,1
4384,tumbler.,1
4385,antwerp.,1
4386,"colored,",1
4387,suggest,1
4388,thickest,1
4389,intent.,1
4390,temp.,1
4391,"earth,",1
4392,"world,",1
4393,books.,1
4394,anchor,1
4395,thick!,1
4396,complimentary,1
4397,cascading,1
4398,teasing,1
4399,strongly,1
4400,activity.,1
4401,plain,1
4402,spicing.,1
4403,supporters.,1
4404,unreal.,1
4405,"honestly,",1
4406,immediately.,1
4407,generally,1
4408,winner,1
4409,snappy,1
4410,offerings,1
4411,increasingly,1
4412,limestone.,1
4413,"medium-bodied,",1
4414,subordinate,1
4415,unfiltered,1
4416,crispness,1
4417,shimmery,1
4418,"fog,",1
4419,detectable,1
4420,"liquid,",1
4421,fermier,1
4422,"minerality,",1
4423,grainy,1
4424,they're,1
4425,noted,1
4426,woodiness,1
4427,marriage,1
4428,mouthful,1
4429,effect,1
4430,mellow.,1
4431,outlines.,1
4432,stephanie,1
4433,progressively,1
4434,inner,1
4435,fortunately,1
4436,exiting,1
4437,(kane),1
4438,backing,1
4439,"dense,",1
4440,-thanks,1
4441,campfire,1
4442,assume,1
4443,#777.,1
4444,dissipate.,1
4445,patches,1
4446,"slick,",1
4447,sugariness,1
4448,"crushable,",1
4449,slickness,1
4450,pairs,1
4451,meet,1
4452,exactly,1
4453,coverage.,1
4454,micro-bubbly,1
4455,plays,1
4456,blends,1
4457,"depth,",1
4458,(unfortunately?),1
4459,contribute,1
4460,cheeks.,1
4461,role,1
4462,standing,1
4463,texture,1
4464,rook,1
4465,garners,1
4466,define,1
4467,viscose,1
4468,booziness,1
4469,extraordinary.,1
4470,milky-vanilla,1
4471,slurps,1
4472,spicing,1
4473,flavoring.,1
4474,"blossom,",1
4475,blossoms,1
4476,"kiwi,",1
4477,leading,1
4478,brew!,1
4479,before.,1
4480,describe,1
4481,through;,1
4482,"aspect,",1
4483,pimp,1
4484,fade,1
4485,four-finger,1
4486,spring,1
4487,explosion,1
4488,cast,1
4489,retains,1
4490,culture,1
4491,stony,1
4492,grape.,1
4493,dewy,1
4494,dialed,1
4495,not2quick,1
4496,formal,1
4497,(troy),1
4498,$5.79.,1
4499,once;,1
4500,syrip,1
4501,flavourfull,1
4502,"scents,",1
4503,filling.,1
4504,detail.,1
4505,(canned,1
4506,"first,",1
4507,cellar,1
4508,impenetrably,1
4509,breads.,1
4510,chalice.,1
4511,accents,1
4512,statement,1
4513,lightly-roasted,1
4514,oatmeal,1
4515,least,1
4516,"sap,",1
4517,walnut.,1
4518,chalice,1
4519,"tang,",1
4520,intermingling,1
4521,trending,1
4522,grist,1
4523,oak-aged,1
4524,sweet-tart,1
4525,belgian-like,1
4526,"hyacinth,",1
4527,lilac,1
4528,apricot.,1
4529,cling.,1
4530,goals.,1
4531,"mix,",1
4532,waves,1
4533,asian,1
4534,semi-sweet,1
4535,"balanced,",1
4536,phenolic,1
4537,undertone,1
4538,pushing,1
4539,greater,1
4540,simultaneous,1
4541,sufficiently,1
4542,display.,1
4543,consciously,1
4544,oomph,1
4545,silo.,1
4546,"crackery,",1
4547,capable,1
4548,du,1
4549,density,1
4550,separate,1
4551,tannic.,1
4552,"tight,",1
4553,straw-golden,1
4554,stay,1
4555,olfactory,1
4556,leafy,1
4557,fast.,1
4558,settling,1
4559,puree,1
4560,tier,1
4561,fluffy.,1
4562,mélange,1
