,words,count
0,the,287
1,a,263
2,and,219
3,of,195
4,with,188
5,this,160
6,is,149
7,to,146
8,it,126
9,in,119
10,but,112
11,on,112
12,i,109
13,very,98
14,that,91
15,beer,91
16,taste,88
17,not,86
18,head,84
19,for,83
20,some,76
21,as,74
22,like,69
23,pours,68
24,was,65
25,dark,65
26,from,63
27,just,60
28,good,57
29,my,56
30,at,56
31,nice,55
32,an,55
33,head.,54
34,medium,53
35,white,52
36,has,52
37,it's,51
38,light,50
39,really,49
40,black,48
41,one,48
42,bit,46
43,bourbon,46
44,sweet,46
45,-,45
46,more,45
47,bottle,45
48,no,44
49,smell,44
50,up,44
51,nose,43
52,great,43
53,into,42
54,had,42
55,poured,42
56,feel,41
57,notes,40
58,color,40
59,thick,40
60,aroma,39
61,are,38
62,have,38
63,body,37
64,beer.,36
65,so,36
66,well,36
67,chocolate,35
68,finish.,34
69,vanilla,33
70,out,33
71,coffee,33
72,orange,33
73,creamy,33
74,all,33
75,than,33
76,can,33
77,mouthfeel,32
78,barrel,32
79,fruit,32
80,tropical,31
81,flavor,31
82,be,30
83,lacing,30
84,brown,29
85,hazy,29
86,carbonation.,29
87,citrus,29
88,much,28
89,full,28
90,dry,28
91,overall,27
92,still,27
93,"chocolate,",27
94,almost,27
95,you,27
96,by,26
97,smells,26
98,would,25
99,smooth,25
100,little,25
101,roasted,25
102,or,25
103,hint,25
104,lacing.,24
105,finish,24
106,glass.,24
107,finger,24
108,also,23
109,hints,23
110,big,23
111,rich,23
112,tan,22
113,sweetness,22
114,moderate,22
115,carbonation,22
116,"coffee,",22
117,quite,22
118,aged,22
119,which,21
120,"overall,",21
121,oak,21
122,about,21
123,what,21
124,malt,21
125,flavors,21
126,"vanilla,",21
127,tart,21
128,lots,21
129,pour,21
130,touch,21
131,excellent,21
132,way,20
133,there,20
134,slightly,20
135,"beer,",20
136,if,20
137,hop,20
138,best,20
139,super,20
140,deep,19
141,top,19
142,i'm,19
143,definitely,19
144,strong,19
145,palate,19
146,even,19
147,slight,19
148,it.,19
149,stout,19
150,been,18
151,fresh,18
152,get,18
153,nose.,18
154,first,18
155,golden,18
156,floral,18
157,around,18
158,notes.,18
159,bitter,17
160,it’s,17
161,other,17
162,caramel,17
163,blend,17
164,"oak,",17
165,quickly,16
166,lot,16
167,when,16
168,follows,16
169,sour,16
170,soft,16
171,beers,16
172,try,16
173,maybe,16
174,there's,16
175,me,16
176,overall:,16
177,pretty,16
178,after,16
179,taste:,16
180,tastes,15
181,beautiful,15
182,alcohol,15
183,its,15
184,off,15
185,pine,15
186,2021,15
187,wine,15
188,fruity,15
189,pale,15
190,"smooth,",15
191,glass,15
192,time,14
193,love,14
194,long,14
195,huge,14
196,"malt,",14
197,any,14
198,mild,14
199,comes,14
200,too,14
201,hops,14
202,"sweet,",14
203,look,14
204,think,14
205,abv,14
206,small,14
207,through,14
208,high,14
209,these,14
210,most,14
211,down,14
212,aromas,14
213,fairly,13
214,got,13
215,back,13
216,"mango,",13
217,"citrus,",13
218,bodied,13
219,balance,13
220,green,13
221,"bottle,",13
222,malts,13
223,s:,13
224,i’m,13
225,taste.,13
226,same,13
227,tons,13
228,yellow,13
229,body.,13
230,maple,13
231,me.,13
232,finishes,13
233,"head,",13
234,"bourbon,",13
235,do,13
236,drink,13
237,better,13
238,because,12
239,bright,12
240,"peach,",12
241,here.,12
242,t:,12
243,clear,12
244,favorite,12
245,bitterness,12
246,am,12
247,thin,12
248,drank,12
249,mouthfeel.,12
250,"taste,",12
251,flavors.,12
252,sure,12
253,heavy,12
254,"toffee,",12
255,"nose,",12
256,bitterness.,12
257,"carbonation,",12
258,appearance,12
259,enough,12
260,low,12
261,"caramel,",12
262,oak.,12
263,mouth,12
264,will,11
265,"orange,",11
266,your,11
267,i've,11
268,see,11
269,complex,11
270,lemon,11
271,sweet.,11
272,smooth.,11
273,they,11
274,nearly,11
275,"malts,",11
276,followed,11
277,thanks,11
278,that's,11
279,"molasses,",11
280,"pineapple,",11
281,vintage,11
282,two,11
283,"fruit,",11
284,minimal,11
285,doesn't,11
286,while,11
287,real,11
288,juicy,11
289,could,11
290,jet,11
291,hops.,11
292,grapefruit,11
293,character,11
294,"bodied,",11
295,stout.,11
296,spice,11
297,herbal,10
298,fantastic,10
299,coconut,10
300,such,10
301,"creamy,",10
302,half,10
303,"funk,",10
304,funk,10
305,mocha,10
306,less,10
307,nothing,10
308,don't,10
309,over,10
310,being,10
311,amber,10
312,old,10
313,motor,10
314,front,10
315,balanced,10
316,amazing,10
317,brings,10
318,looks,10
319,end.,10
320,color.,10
321,then,10
322,incredibly,10
323,consumed,10
324,amount,10
325,wonderful,10
326,how,10
327,know,10
328,o:,10
329,easy,10
330,dried,10
331,mostly,10
332,note,10
333,perfect,10
334,booze,9
335,2020,9
336,aroma.,9
337,actually,9
338,canned,9
339,opaque,9
340,another,9
341,pineapple,9
342,solid,9
343,one.,9
344,too.,9
345,lovely,9
346,every,9
347,"notes,",9
348,ring,9
349,hard,9
350,before,9
351,peach,9
352,vanilla.,9
353,red,9
354,incredible,9
355,review,9
356,"leather,",9
357,style.,9
358,mango,9
359,bottle.,9
360,"dry,",9
361,"mouthfeel,",9
362,acidity,9
363,"fruits,",9
364,"grapefruit,",9
365,appearance:,9
366,colored,9
367,"stout,",9
368,somewhat,9
369,well.,9
370,cinnamon,9
371,subtle,9
372,world,9
373,drinking,9
374,here,9
375,along,9
376,l:,9
377,few,8
378,ever,8
379,house,8
380,raspberry,8
381,age,8
382,say,8
383,yet,8
384,"this,",8
385,smell.,8
386,right,8
387,ipa,8
388,i’ve,8
389,leaves,8
390,surprisingly,8
391,base,8
392,"lemon,",8
393,day,8
394,flavor.,8
395,thick.,8
396,wish,8
397,bourbon.,8
398,"sugar,",8
399,sweetness.,8
400,"well,",8
401,&,8
402,never,8
403,left,8
404,2018,8
405,2016,8
406,tasting,8
407,going,8
408,toasted,8
409,"aroma,",8
410,aromas.,8
411,outstanding,8
412,oz,8
413,lingering,8
414,side,8
415,date,8
416,kind,8
417,oil,8
418,retention.,8
419,perfectly,8
420,pleasant,8
421,lighter,8
422,f:,8
423,gold,7
424,there’s,7
425,"thick,",7
426,drinkable,7
427,seems,7
428,leaving,7
429,class,7
430,bottled,7
431,"maple,",7
432,grain,7
433,may,7
434,their,7
435,"black,",7
436,find,7
437,temperature,7
438,batch,7
439,"color,",7
440,style,7
441,5,7
442,decent,7
443,amazing.,7
444,can.,7
445,rather,7
446,fine,7
447,"tobacco,",7
448,excited,7
449,tree,7
450,does,7
451,warming,7
452,fruits,7
453,faint,7
454,things,7
455,earthy,7
456,looking,7
457,loads,7
458,lightly,7
459,nicely.,7
460,intense,7
461,roasty,7
462,honey,7
463,crisp,7
464,sticky,7
465,"me,",7
466,oaky,7
467,delicious,7
468,peppery,7
469,mellow,7
470,many,7
471,stone,7
472,boozy,7
473,ripe,7
474,particularly,7
475,cherry,7
476,mouthfeel:,7
477,750ml,7
478,smell:,7
479,murky,7
480,tasted,7
481,double,7
482,profile,7
483,chocolate.,7
484,gets,7
485,enjoyed,7
486,nose:,7
487,something,7
488,brew,7
489,"complex,",7
490,tulip,7
491,average,7
492,spicy,7
493,everything,7
494,cream,7
495,cloudy,7
496,dense,7
497,imperial,7
498,present.,6
499,highly,6
500,barrels,6
501,though,6
502,cap,6
503,milk,6
504,ruby,6
505,pink,6
506,down.,6
507,fluffy,6
508,want,6
509,tartness,6
510,we,6
511,always,6
512,"soft,",6
513,straight,6
514,ba,6
515,coffee.,6
516,probably,6
517,isn't,6
518,2019,6
519,now,6
520,used,6
521,apricot,6
522,end,6
523,beer!,6
524,lasting,6
525,"deep,",6
526,"again,",6
527,last,6
528,retention,6
529,"hops,",6
530,black.,6
531,date:,6
532,prominent,6
533,i'd,6
534,delicate,6
535,4,6
536,3,6
537,give,6
538,barrel.,6
539,between,6
540,"good,",6
541,"fruity,",6
542,"it,",6
543,"roast,",6
544,colour,6
545,again,6
546,done,6
547,adding,6
548,together,6
549,vinous,6
550,melon,6
551,since,6
552,those,6
553,"sour,",6
554,coast,6
555,drink.,6
556,ml,6
557,hoppy,6
558,incredible.,6
559,wild,6
560,palate.,6
561,"tart,",6
562,stouts,6
563,delightful,6
564,brewing,6
565,use,6
566,apple,6
567,character.,6
568,pour.,6
569,good.,6
570,getting,6
571,note.,6
572,starts,6
573,ends,6
574,pick,6
575,only,6
576,syrup,6
577,years,6
578,version,6
579,feel.,6
580,"glass,",6
581,top.,6
582,worth,6
583,shows,5
584,"palate,",5
585,"bitterness,",5
586,new,5
587,completely,5
588,burn,5
589,out.,5
590,earthiness.,5
591,similar,5
592,snifter.,5
593,courtesy,5
594,"plum,",5
595,"hay,",5
596,heat,5
597,warm,5
598,come,5
599,jammy,5
600,"grass,",5
601,"earthy,",5
602,"here,",5
603,cold,5
604,woody,5
605,vintage.,5
606,"apricot,",5
607,can't,5
608,sugary,5
609,bubbly,5
610,should,5
611,horse,5
612,"barrel,",5
613,fizzy,5
614,expected.,5
615,extremely,5
616,shared,5
617,tulip.,5
618,"strong,",5
619,"fudge,",5
620,"rich,",5
621,highlights.,5
622,plenty,5
623,juice,5
624,hot,5
625,forward,5
626,sip,5
627,charred,5
628,layered,5
629,cinnamon.,5
630,carb.,5
631,overly,5
632,four,5
633,clean,5
634,were,5
635,pitch,5
636,molasses,5
637,held,5
638,absolutely,5
639,"papaya,",5
640,"ipa,",5
641,flavour,5
642,malty,5
643,"cinnamon,",5
644,"heavy,",5
645,aroma:,5
646,burnt,5
647,degrees.,5
648,chocolatey,5
649,moderately,5
650,look:,5
651,level,5
652,date.,5
653,classic,5
654,tiny,5
655,"there,",5
656,massive,5
657,one!,5
658,resinous,5
659,funky,5
660,"char,",5
661,months,5
662,carb,5
663,couple,5
664,lingers,5
665,served,5
666,certainly,5
667,"flavor,",5
668,16,5
669,"peel,",5
670,off-white,5
671,tongue,5
672,don’t,5
673,sours,5
674,although,5
675,fades,5
676,chili,5
677,"medium,",5
678,received,5
679,march,5
680,"zest,",5
681,second,5
682,cheers!,5
683,sharp,5
684,"full,",5
685,different,5
686,cake,5
687,abv.,5
688,ton,5
689,thin.,4
690,"raisins,",4
691,next,4
692,"though,",4
693,inch,4
694,generous,4
695,lend,4
696,dank,4
697,"yellow,",4
698,fruit.,4
699,"cocoa,",4
700,"brew,",4
701,far,4
702,farmhouse,4
703,saison,4
704,came,4
705,trillium,4
706,profile.,4
707,presence.,4
708,licorice,4
709,barleywine,4
710,loved,4
711,why,4
712,frothy,4
713,"tartness,",4
714,"fresh,",4
715,make,4
716,excellent.,4
717,nbs,4
718,opens,4
719,must,4
720,foamy,4
721,srm,4
722,zero,4
723,prickly,4
724,toffee,4
725,made,4
726,clarity,4
727,feel:,4
728,pepper,4
729,sure.,4
730,bite,4
731,fully,4
732,perhaps,4
733,foam.,4
734,"barnyard,",4
735,straw,4
736,taking,4
737,citrusy,4
738,reddish,4
739,this.,4
740,believe,4
741,"cherry,",4
742,palate:,4
743,lively,4
744,2017,4
745,orange.,4
746,cans,4
747,collar,4
748,viscous,4
749,"cherries,",4
750,passion,4
751,wood,4
752,"body,",4
753,towards,4
754,barrel-aged,4
755,take,4
756,"sweetness,",4
757,layers,4
758,interesting,4
759,roast,4
760,250,4
761,school,4
762,makes,4
763,haven't,4
764,–,4
765,did,4
766,dark.,4
767,greets,4
768,saison.,4
769,airy,4
770,thing,4
771,"style,",4
772,raspberries,4
773,vinegar.,4
774,"fig,",4
775,through.,4
776,"juicy,",4
777,underneath,4
778,bif,4
779,nicely,4
780,pub,4
781,goes,4
782,stored,4
783,lemony,4
784,750,4
785,de,4
786,fantastic.,4
787,ipas,4
788,throughout,4
789,ale,4
790,darker,4
791,dry.,4
792,charts,4
793,cocoa,4
794,in.,4
795,bought,4
796,go,4
797,"colour,",4
798,tasting.,4
799,unique,4
800,"guava,",4
801,18,4
802,without,4
803,tasty,4
804,16oz,4
805,coming,4
806,having,4
807,lime,4
808,trade,4
809,logic,4
810,laces,4
811,"oaky,",4
812,absolute,4
813,"vinegar,",4
814,"bready,",4
815,f,4
816,be.,4
817,wheat,4
818,all.,4
819,vibrant,4
820,"coconut,",4
821,hit,4
822,malt.,4
823,grape,4
824,visible,4
825,"juice,",4
826,"lacing,",4
827,"tangerine,",4
828,personal,4
829,"flavors,",4
830,a:,4
831,robust,4
832,opened,4
833,crackery,4
834,sour.,4
835,mix,4
836,wow.,4
837,vinegar,4
838,m:,4
839,12,4
840,sip.,4
841,6,4
842,"in,",4
843,light.,4
844,ipa.,4
845,s,4
846,aging,4
847,create,4
848,sugar,4
849,tap,4
850,t,4
851,"initially,",4
852,anything,4
853,experience.,4
854,rind,4
855,velvety,4
856,silky,4
857,add,4
858,behind,4
859,l,4
860,"quickly,",4
861,o,4
862,buds,4
863,given,4
864,time.,4
865,minerality,4
866,years.,4
867,burn.,4
868,barley,4
869,"nectarine,",4
870,hope,4
871,wet,3
872,impressive,3
873,"fluffy,",3
874,distinct,3
875,coconut.,3
876,cherries,3
877,brewed,3
878,slowly,3
879,bready,3
880,back.,3
881,12oz,3
882,imagine,3
883,"grain,",3
884,settles,3
885,whiskey,3
886,(and,3
887,rustic,3
888,wonderful.,3
889,true,3
890,bomber,3
891,equally,3
892,april,3
893,plus,3
894,"prune,",3
895,barrels.,3
896,warms,3
897,refreshing,3
898,"front,",3
899,edge,3
900,decadent,3
901,added,3
902,remarkable,3
903,5.,3
904,"like,",3
905,"smoke,",3
906,"one,",3
907,takes,3
908,that’s,3
909,craft,3
910,found,3
911,enjoy,3
912,under,3
913,mainly,3
914,fruits.,3
915,2021.,3
916,capped,3
917,allowed,3
918,typical,3
919,whether,3
920,them.,3
921,mind,3
922,oh,3
923,flavours,3
924,bubbles,3
925,picked,3
926,warmth,3
927,dc.,3
928,better.,3
929,whole,3
930,people,3
931,"bright,",3
932,porter,3
933,natural,3
934,evident,3
935,holding,3
936,"retention,",3
937,pepper.,3
938,already,3
939,malts.,3
940,"end,",3
941,yeast,3
942,each,3
943,day.,3
944,sugar.,3
945,point,3
946,more.,3
947,warming.,3
948,hits,3
949,jump,3
950,"wine,",3
951,"bitter,",3
952,highest,3
953,west,3
954,drinks,3
955,"floral,",3
956,near,3
957,sides,3
958,backbone,3
959,t-,3
960,four-pack,3
961,spot,3
962,secondary,3
963,coarse,3
964,batter,3
965,brownie,3
966,chewy.,3
967,inky,3
968,"drying,",3
969,beige,3
970,viscosity,3
971,someone,3
972,molasses.,3
973,"age,",3
974,once,3
975,"roasty,",3
976,hype,3
977,oily,3
978,resin.,3
979,rimming,3
980,"years,",3
981,bomb.,3
982,tannic,3
983,enjoying,3
984,rich.,3
985,warms.,3
986,though.,3
987,june,3
988,especially,3
989,opportunity,3
990,despite,3
991,fruited,3
992,weeks,3
993,original,3
994,hill,3
995,glad,3
996,creaminess,3
997,bottling,3
998,bold,3
999,funk.,3
1000,"light,",3
1001,"funky,",3
1002,lends,3
1003,dissipated,3
1004,treat,3
1005,particular,3
1006,cherry.,3
1007,slow,3
1008,truly,3
1009,persistent,3
1010,caramel.,3
1011,due,3
1012,track,3
1013,wine.,3
1014,toast,3
1015,raspberries.,3
1016,again.,3
1017,russian,3
1018,bite.,3
1019,brown.,3
1020,"very,",3
1021,buy,3
1022,a-,3
1023,"berries,",3
1024,bubble,3
1025,"syrup,",3
1026,beautiful.,3
1027,several,3
1028,alone,3
1029,pulpy,3
1030,quick,3
1031,that.,3
1032,expecting,3
1033,emitted.,3
1034,large,3
1035,rated,3
1036,50°f.,3
1037,hype.,3
1038,balances,3
1039,s-,3
1040,wait,3
1041,extra,3
1042,noticeable,3
1043,foam,3
1044,relatively,3
1045,fudge,3
1046,hear,3
1047,acidic,3
1048,lambic,3
1049,glass;,3
1050,balanced.,3
1051,heat.,3
1052,flavorful.,3
1053,present,3
1054,"chewy,",3
1055,overbearing.,3
1056,spice.,3
1057,receding,3
1058,cork,3
1059,"crisp,",3
1060,mouthfeel/body:,3
1061,juicy.,3
1062,"dark,",3
1063,lead,3
1064,initial,3
1065,drinkability,3
1066,detect,3
1067,leaning,3
1068,4.25,3
1069,start,3
1070,julius,3
1071,further,3
1072,usual,3
1073,slick,3
1074,"vinous,",3
1075,prefer,3
1076,trying,3
1077,created,3
1078,"great,",3
1079,expected,3
1080,drink:,3
1081,live,3
1082,swallow,3
1083,spiciness,3
1084,flat.,3
1085,drinkable.,3
1086,close,3
1087,often,3
1088,drier,3
1089,viscosity.,3
1090,"pear,",3
1091,great.,3
1092,marked,3
1093,can’t,3
1094,both,3
1095,nuanced,3
1096,complex.,3
1097,brett,3
1098,aftertaste,3
1099,proper,3
1100,effervescent,3
1101,background.,3
1102,"bite,",3
1103,2,3
1104,rating,3
1105,candied,3
1106,recommend,3
1107,picking,3
1108,bubbles.,3
1109,awesome.,3
1110,had.,3
1111,kinda,3
1112,tasty.,3
1113,"thin,",3
1114,"brown,",3
1115,balance.,3
1116,barnyard,3
1117,gentle,3
1118,"abv,",3
1119,10%,3
1120,produces,3
1121,malted,3
1122,recent,3
1123,is.,3
1124,reviewed,3
1125,hazy.,3
1126,brews,3
1127,"resin,",3
1128,let,3
1129,batch.,3
1130,underripe,3
1131,"dipa,",3
1132,"pepper,",3
1133,alcohol.,3
1134,effervescence,3
1135,generously,3
1136,virtually,3
1137,round,3
1138,boozy.,3
1139,citrus.,3
1140,mildly,3
1141,qualities,3
1142,begins,3
1143,keeps,3
1144,opaque.,3
1145,aggressive,3
1146,fig,3
1147,grapes,3
1148,impression,3
1149,belgian,3
1150,lost,3
1151,"side,",3
1152,aromatic.,3
1153,gritty,3
1154,"apple,",3
1155,eventually,3
1156,blend.,3
1157,doughy,3
1158,"character,",3
1159,**,3
1160,beautifully,3
1161,away,3
1162,nutty,3
1163,sort,3
1164,"white,",3
1165,surprising,3
1166,share,3
1167,stands,3
1168,enjoyable.,3
1169,remains,3
1170,dessert,3
1171,american,3
1172,above,3
1173,clear.,3
1174,"flavour,",3
1175,gonna,3
1176,quality,3
1177,"acidity,",3
1178,acidity.,3
1179,project,3
1180,dated,3
1181,depth,3
1182,moderate.,3
1183,done.,3
1184,others,3
1185,tad,3
1186,home,3
1187,lemons,3
1188,blown,3
1189,wonderfully,3
1190,"oil,",3
1191,"jam,",2
1192,draft,2
1193,tannins.,2
1194,i’d,2
1195,ones,2
1196,he,2
1197,steroids.,2
1198,"can,",2
1199,"subtle,",2
1200,plums,2
1201,pulled,2
1202,leather.,2
1203,bone,2
1204,coating,2
1205,m-,2
1206,"dankness,",2
1207,500,2
1208,lacto,2
1209,holds,2
1210,tried,2
1211,sourness,2
1212,side.,2
1213,art,2
1214,collar.,2
1215,o-,2
1216,"phenols,",2
1217,november,2
1218,effervescence.,2
1219,"raspberries,",2
1220,chunks,2
1221,"port,",2
1222,latter,2
1223,rusty,2
1224,hues.,2
1225,"out,",2
1226,expect,2
1227,roastiness,2
1228,unripe,2
1229,thinking,2
1230,"unfortunately,",2
1231,(although,2
1232,phenomenal.,2
1233,"blanket,",2
1234,poor,2
1235,fan,2
1236,river,2
1237,"brett,",2
1238,musty,2
1239,mahogany,2
1240,ale.,2
1241,dissipates,2
1242,evolves,2
1243,peach.,2
1244,"otherwise,",2
1245,lasts.,2
1246,conclusion:,2
1247,"so,",2
1248,underlying,2
1249,mustiness,2
1250,"powder,",2
1251,selection,2
1252,brew:,2
1253,higher,2
1254,100%,2
1255,flavours.,2
1256,tones.,2
1257,good!,2
1258,tavour.,2
1259,there.,2
1260,silky.,2
1261,able,2
1262,bean,2
1263,overall.,2
1264,acquired,2
1265,rbesg,2
1266,brownish,2
1267,complexity.,2
1268,shine,2
1269,"blend,",2
1270,mixed,2
1271,creamsicle,2
1272,hazelnuts,2
1273,grand,2
1274,mouth:,2
1275,velvet,2
1276,assertive,2
1277,"boozy,",2
1278,pull,2
1279,easily,2
1280,sublime.,2
1281,ris,2
1282,"is,",2
1283,mil.,2
1284,cocoa.,2
1285,complements,2
1286,citra,2
1287,06/04/21,2
1288,older,2
1289,friend,2
1290,surprise,2
1291,figs.,2
1292,medium-,2
1293,doesn’t,2
1294,purchased,2
1295,375,2
1296,copper,2
1297,meant,2
1298,maple.,2
1299,call,2
1300,season,2
1301,puckering,2
1302,tasty!,2
1303,earthiness,2
1304,cbs,2
1305,stopped,2
1306,brewery.,2
1307,states,2
1308,2019.,2
1309,coated,2
1310,accessible,2
1311,base.,2
1312,dusty,2
1313,"cake,",2
1314,"edges,",2
1315,overripe,2
1316,idea,2
1317,blast,2
1318,peppers,2
1319,fridge,2
1320,gladly,2
1321,"characteristics,",2
1322,oz.,2
1323,overpowers,2
1324,lace,2
1325,put,2
1326,"2016,",2
1327,fridge.,2
1328,raisins,2
1329,delicately,2
1330,"2018,",2
1331,thinner,2
1332,"whiskey,",2
1333,strong.,2
1334,bold.,2
1335,intro:,2
1336,hay,2
1337,50,2
1338,open,2
1339,speak,2
1340,"experience,",2
1341,dank.,2
1342,"category,",2
1343,noir,2
1344,"thanks,",2
1345,experience,2
1346,hands,2
1347,apricots,2
1348,sea,2
1349,papaya.,2
1350,otherwise,2
1351,"gentle,",2
1352,refreshing.,2
1353,"cream,",2
1354,rum.,2
1355,fingernail,2
1356,quarter,2
1357,pinot,2
1358,shocking,2
1359,"however,",2
1360,char,2
1361,trillium.,2
1362,backbone.,2
1363,stemmed,2
1364,smelling,2
1365,fruitiness,2
1366,pint,2
1367,refined,2
1368,job,2
1369,allowing,2
1370,throughout.,2
1371,"hue,",2
1372,test,2
1373,oakiness.,2
1374,breweries.,2
1375,tickles,2
1376,"fizzy,",2
1377,"dryness,",2
1378,"before,",2
1379,brewery,2
1380,eight,2
1381,way.,2
1382,let's,2
1383,consumed.,2
1384,lactose,2
1385,khaki,2
1386,creamy.,2
1387,sheen,2
1388,tried.,2
1389,(good,2
1390,doing,2
1391,relax,2
1392,price,2
1393,class.,2
1394,hides,2
1395,46,2
1396,us,2
1397,"be,",2
1398,milky,2
1399,"wow,",2
1400,silty,2
1401,"dates,",2
1402,"them,",2
1403,deeper,2
1404,"share,",2
1405,sipper,2
1406,ground,2
1407,"warms,",2
1408,alert!,2
1409,coupled,2
1410,2013,2
1411,bad,2
1412,"anise,",2
1413,point.,2
1414,nectarine,2
1415,"peak,",2
1416,"beers,",2
1417,so.,2
1418,"vintage,",2
1419,cream.,2
1420,okay;,2
1421,original.,2
1422,restrained,2
1423,we'll,2
1424,flat,2
1425,serious,2
1426,tones,2
1427,impressive.,2
1428,"honey,",2
1429,oranges,2
1430,ales.,2
1431,"acidic,",2
1432,--,2
1433,clinging,2
1434,nature,2
1435,hoping,2
1436,beers.,2
1437,mid-palate,2
1438,char.,2
1439,funky.,2
1440,bread,2
1441,"ale,",2
1442,"moderate,",2
1443,"raisin,",2
1444,white.,2
1445,(not,2
1446,"hazy,",2
1447,"pine,",2
1448,sticks,2
1449,ne,2
1450,pungent,2
1451,who,2
1452,closely,2
1453,seen.,2
1454,contributing,2
1455,"grains,",2
1456,fragrant,2
1457,touch.,2
1458,not.,2
1459,"cookies,",2
1460,peel,2
1461,"clear,",2
1462,"licorice,",2
1463,"much,",2
1464,of.,2
1465,neipa,2
1466,proves,2
1467,case,2
1468,overpowering,2
1469,didn’t,2
1470,finishing,2
1471,dominating.,2
1472,bursting,2
1473,edges,2
1474,tinge,2
1475,focus,2
1476,yeasty,2
1477,rose,2
1478,crazy,2
1479,"pop,",2
1480,inches.,2
1481,bit.,2
1482,"man,",2
1483,.,2
1484,overbearing,2
1485,stouts.,2
1486,tastes.,2
1487,tartness.,2
1488,isn’t,2
1489,toasty,2
1490,fault,2
1491,released,2
1492,picked-up,2
1493,"clean,",2
1494,gives,2
1495,properly,2
1496,provides,2
1497,"warm,",2
1498,og,2
1499,differences,2
1500,rounded,2
1501,generosity,2
1502,regular,2
1503,appears,2
1504,stays,2
1505,month,2
1506,follows.,2
1507,drying,2
1508,guys.,2
1509,ago.,2
1510,nor,2
1511,total,2
1512,sign,2
1513,dissipation,2
1514,port,2
1515,"point,",2
1516,variant,2
1517,fudge.,2
1518,2015,2
1519,nosing,2
1520,underneath.,2
1521,cola,2
1522,farmstead,2
1523,week,2
1524,build,2
1525,"pour,",2
1526,complexity,2
1527,oj.,2
1528,cacao,2
1529,obviously,2
1530,"musty,",2
1531,says,2
1532,available,2
1533,6%.,2
1534,possibly,2
1535,superb,2
1536,cap.,2
1537,figs,2
1538,exceptionally,2
1539,buttery,2
1540,marshmallow,2
1541,"awhile,",2
1542,version.,2
1543,mature,2
1544,mint,2
1545,texture.,2
1546,turbid,2
1547,feeling,2
1548,highlights,2
1549,"stuff,",2
1550,"ago,",2
1551,support,2
1552,"oranges,",2
1553,rare,2
1554,leads,2
1555,covering,2
1556,hefty,2
1557,element,2
1558,2020.,2
1559,earthy.,2
1560,wood.,2
1561,builds,2
1562,softer,2
1563,fruitiness.,2
1564,semisweet,2
1565,edges.,2
1566,lack,2
1567,away.,2
1568,unfortunately,2
1569,during,2
1570,melange,2
1571,fitting,2
1572,tough,2
1573,"up,",2
1574,"degrees,",2
1575,non-ba,2
1576,"big,",2
1577,"nuanced,",2
1578,"cans,",2
1579,providing,2
1580,get.,2
1581,hot.,2
1582,weak,2
1583,red.,2
1584,primarily,2
1585,magnificent,2
1586,bretty,2
1587,"expected,",2
1588,coats,2
1589,scent,2
1590,lean,2
1591,tumbler;,2
1592,wonderfully.,2
1593,modest,2
1594,resulting,2
1595,cardinal,2
1596,"rind,",2
1597,"bar,",2
1598,"delicious,",2
1599,zealand,2
1600,smack,2
1601,sense,2
1602,dipa,2
1603,corked,2
1604,ass,2
1605,finally,2
1606,"berry,",2
1607,presence,2
1608,stuff,2
1609,seek,2
1610,jackie,2
1611,cantaloupe,2
1612,"cm,",2
1613,enticing,2
1614,seeking,2
1615,cornucopia,2
1616,suit,2
1617,%,2
1618,juice.,2
1619,typically,2
1620,deserving,2
1621,rating.,2
1622,cake.,2
1623,"milky,",2
1624,haze,2
1625,stavanger.,2
1626,offering,2
1627,yellowish,2
1628,summation:,2
1629,bitter.,2
1630,twelve,2
1631,might,2
1632,drop,2
1633,per,2
1634,mf-,2
1635,leather,2
1636,opening,2
1637,bland,2
1638,apricots.,2
1639,review.,2
1640,has.,2
1641,lives,2
1642,smooths,2
1643,"hype,",2
1644,approaching,2
1645,world.,2
1646,#1,2
1647,"really,",2
1648,form,2
1649,streaks,2
1650,drunk,2
1651,rye,2
1652,lord,2
1653,pine.,2
1654,leans,2
1655,3.75,2
1656,thickness,2
1657,difficult,2
1658,non,2
1659,"version,",2
1660,hue,2
1661,"rye,",2
1662,you're,2
1663,"drinkable,",2
1664,leave,2
1665,happens,2
1666,fingers,2
1667,knocks,2
1668,wheated,2
1669,wrap,2
1670,damn,2
1671,honestly,2
1672,"lambic,",2
1673,raisin,2
1674,"plums,",2
1675,nedipa.,2
1676,messy,2
1677,washed,2
1678,(srm,2
1679,three,2
1680,jester,2
1681,"density,",2
1682,list,2
1683,firm,2
1684,short,2
1685,smelled,2
1686,"pour),",2
1687,wasn't,2
1688,simply,2
1689,zesty,2
1690,anywhere,2
1691,king,2
1692,hand,2
1693,popping,2
1694,dimethylsulfide,2
1695,need,2
1696,diacetyl.,2
1697,dd/mm/yy,2
1698,treehouse,2
1699,times,2
1700,iipa,2
1701,chance,2
1702,company,2
1703,raisins.,2
1704,wanting,2
1705,anything.,2
1706,piney,2
1707,bittersweet,2
1708,protocol.,2
1709,"bubbles,",2
1710,upfront,2
1711,crown,2
1712,final,2
1713,again!,2
1714,multiple,2
1715,based,2
1716,bring,2
1717,#14.,2
1718,container),2
1719,syrup.,2
1720,bottom,2
1721,work,2
1722,bottles,2
1723,4.75,2
1724,score,2
1725,move,2
1726,five,2
1727,mm,2
1728,sandwich,2
1729,seem,2
1730,grapefruit.,2
1731,"weed,",2
1732,center,2
1733,draft.,2
1734,cm,2
1735,gastric,2
1736,ethanol,2
1737,dance,2
1738,degrees,2
1739,(maximum,2
1740,faded,2
1741,life,2
1742,behind.,2
1743,thank,2
1744,cranberry,2
1745,important,2
1746,"dank,",2
1747,"porters,",2
1748,according,2
1749,hunahpu,2
1750,"rear-lite,",2
1751,1.5,2
1752,"iipa,",2
1753,complete,2
1754,initially,2
1755,"ba,",2
1756,"and,",2
1757,maine,2
1758,carry,2
1759,"yeast,",2
1760,yeast.,2
1761,diminishing,2
1762,omg!,2
1763,however,2
1764,went,2
1765,boy,2
1766,sent,2
1767,dankness.,2
1768,them,2
1769,"seen,",2
1770,"marzipan,",2
1771,guava,2
1772,breakfast,2
1773,softness,2
1774,scale.,2
1775,rough,2
1776,bouquet,2
1777,feels,2
1778,"cacao,",2
1779,liquid,2
1780,chilies,2
1781,"finish,",2
1782,balloon,2
1783,"ris,",2
1784,whipped,2
1785,"beans,",2
1786,"effervescence,",2
1787,"damn,",2
1788,medium-full,2
1789,"appearance,",2
1790,knock,2
1791,dancing,2
1792,"top,",2
1793,somehow,2
1794,featuring,2
1795,st.,2
1796,outstanding.,2
1797,throat,2
1798,oats,2
1799,"silky,",2
1800,chair,2
1801,nice.,2
1802,aftertaste.,2
1803,dankness,2
1804,"way,",2
1805,else.,2
1806,slightly.,2
1807,delicious!,2
1808,quality.,2
1809,pastry.,2
1810,meets,2
1811,seth.,2
1812,wow!,2
1813,appearance.,2
1814,led,2
1815,neipa.,2
1816,@fbarber,2
1817,part,2
1818,lending,2
1819,sits,2
1820,"fluid,",2
1821,raw,2
1822,didn't,2
1823,pear,2
1824,"bread,",2
1825,hyped,2
1826,delicious.,2
1827,person,2
1828,concludes,2
1829,roast.,2
1830,type,2
1831,aromatic,2
1832,dinner,2
1833,pineapple.,2
1834,"melon,",2
1835,tangerine,2
1836,angry,2
1837,single,2
1838,opened.,2
1839,lets,2
1840,"something,",2
1841,combines,2
1842,either,2
1843,intended,2
1844,"peppers,",2
1845,brandy,2
1846,"heat,",2
1847,missing,2
1848,espresso,2
1849,helps,2
1850,lace.,2
1851,stem,2
1852,intensely,2
1853,full-bodied,2
1854,load.,1
1855,late,1
1856,"brownies,",1
1857,"related,",1
1858,low-carbonated,1
1859,brown/black,1
1860,distance.,1
1861,wildly,1
1862,beverage.,1
1863,"never,",1
1864,papaya,1
1865,finished,1
1866,years),1
1867,cup,1
1868,4/27/21,1
1869,mosaic,1
1870,upper,1
1871,showcases,1
1872,exceptional,1
1873,note:,1
1874,b1,1
1875,lupulin,1
1876,"opaque,",1
1877,stick,1
1878,bodied.,1
1879,hazier,1
1880,09/23/20.,1
1881,mango.,1
1882,"guys,",1
1883,supppose.,1
1884,dollars.,1
1885,bad!,1
1886,shares,1
1887,dryness,1
1888,watery,1
1889,news:,1
1890,"occasions,",1
1891,offering.,1
1892,baking,1
1893,pancakes,1
1894,enthusiasts.,1
1895,subdued.,1
1896,sat,1
1897,"imho,",1
1898,"mouth-coating,",1
1899,consume.,1
1900,premium,1
1901,smelled.,1
1902,instead,1
1903,night-box;,1
1904,preserve,1
1905,(oct),1
1906,choreograph,1
1907,october,1
1908,1660,1
1909,smore's,1
1910,#163,1
1911,"earthiness,",1
1912,precision,1
1913,market,1
1914,spot.,1
1915,#249,1
1916,technical,1
1917,follow;,1
1918,belcher,1
1919,brett...,1
1920,best-by,1
1921,passes,1
1922,"2020,",1
1923,rendition,1
1924,dominates.,1
1925,current,1
1926,(thank,1
1927,"grapes,",1
1928,"minerals,",1
1929,9/15/21.,1
1930,pancakes.,1
1931,pancake,1
1932,numerous,1
1933,rank:,1
1934,gracefully,1
1935,"feeling,",1
1936,tilquin,1
1937,suffered.,1
1938,ledger,1
1939,haven’t,1
1940,baked,1
1941,7,1
1942,wcipa,1
1943,significantly,1
1944,cleanse,1
1945,"tangerines,",1
1946,advocate,1
1947,"galaxy!),",1
1948,/,1
1949,b2).,1
1950,"shine,",1
1951,occasions.,1
1952,"marshmallow,",1
1953,you’ve,1
1954,biscuity,1
1955,incredible;,1
1956,elsewhere,1
1957,star,1
1958,guess,1
1959,sixteen,1
1960,cherries.,1
1961,thicker.,1
1962,cola.,1
1963,pa,1
1964,risk,1
1965,package,1
1966,"nice,",1
1967,crazy!!,1
1968,dish,1
1969,included,1
1970,"ethanol,",1
1971,"not,",1
1972,ma.,1
1973,handful,1
1974,"havertown,",1
1975,"disclosure,",1
1976,definite,1
1977,richness,1
1978,meld,1
1979,99??,1
1980,limit,1
1981,dessert-like.,1
1982,overtones,1
1983,oil.,1
1984,together.,1
1985,"noticeable,",1
1986,ice,1
1987,8.6%,1
1988,sounds,1
1989,melted,1
1990,1,1
1991,(!).,1
1992,"29th,",1
1993,"luscious,",1
1994,noticed,1
1995,"receding,",1
1996,temptation,1
1997,continued,1
1998,soap.,1
1999,concept,1
2000,skunky,1
2001,subtle),1
2002,parts,1
2003,"subdued,",1
2004,handled,1
2005,"immediate,",1
2006,reminds,1
2007,changed,1
2008,subject,1
2009,display,1
2010,y'all,1
2011,inclined,1
2012,"kriek,",1
2013,sucked,1
2014,grace,1
2015,favours,1
2016,lifting,1
2017,"spice,",1
2018,own.,1
2019,cereal.,1
2020,buy.,1
2021,restraint,1
2022,kriek/cherry,1
2023,haziness,1
2024,pleaser,1
2025,reputation,1
2026,offer.,1
2027,tends,1
2028,sum,1
2029,become,1
2030,"fan,",1
2031,guys,1
2032,"booze,",1
2033,ne-style,1
2034,originally,1
2035,"b,",1
2036,definitively,1
2037,plan,1
2038,aren't,1
2039,kriek,1
2040,copenhagen.,1
2041,lambic.,1
2042,brutally,1
2043,inoffensive,1
2044,"driving,",1
2045,satisfying,1
2046,"heart,",1
2047,jumping,1
2048,heavily,1
2049,"pucker,",1
2050,chocolatey.,1
2051,sport.,1
2052,"hoppy,",1
2053,distribute,1
2054,accent,1
2055,9/27:,1
2056,spectrum,1
2057,"trigger,",1
2058,patient,1
2059,resin?,1
2060,share.,1
2061,"amazing,",1
2062,and/or,1
2063,butterscotch,1
2064,hand.,1
2065,2012,1
2066,"mahogany,",1
2067,"hazed,",1
2068,only.,1
2069,espresso.,1
2070,chips,1
2071,constructed,1
2072,balls,1
2073,age?,1
2074,8/30;,1
2075,cocoa-dusted,1
2076,wife,1
2077,biting,1
2078,6/30/21,1
2079,muted,1
2080,crushed,1
2081,canned-on,1
2082,raisin.,1
2083,"heft,",1
2084,yum.,1
2085,foreshadowing,1
2086,westbrook,1
2087,huskiness,1
2088,superbly,1
2089,normally,1
2090,"less,",1
2091,"aside,",1
2092,satisfy,1
2093,volume,1
2094,beans,1
2095,kingdom.,1
2096,grains.,1
2097,maltiness,1
2098,mine,1
2099,"part,",1
2100,much.,1
2101,"while,",1
2102,hf,1
2103,shortlist,1
2104,slowly.fig,1
2105,dab,1
2106,caps,1
2107,impression.,1
2108,supporting.,1
2109,spices,1
2110,tan/brown,1
2111,"porter,",1
2112,afterwards!!,1
2113,"ny,",1
2114,octane.,1
2115,totally,1
2116,humble,1
2117,carefully,1
2118,dies,1
2119,stout!!!!,1
2120,poughkeepsie,1
2121,size,1
2122,"consider,",1
2123,befits,1
2124,pecan,1
2125,opinion:,1
2126,oklahoma,1
2127,melting,1
2128,focusing,1
2129,melds,1
2130,"walnut,",1
2131,smoky,1
2132,element.,1
2133,"of,",1
2134,"soaked,",1
2135,"short,",1
2136,"10,",1
2137,enhanced,1
2138,used.,1
2139,this?,1
2140,currant,1
2141,showcasing,1
2142,softness.,1
2143,web,1
2144,spider,1
2145,"lower,",1
2146,flakes,1
2147,"o's,",1
2148,bath,1
2149,flowery,1
2150,distributors,1
2151,function,1
2152,earth,1
2153,feature,1
2154,"freshest,",1
2155,ya,1
2156,on.,1
2157,expensive,1
2158,stealthily,1
2159,is:,1
2160,"overwhelming,",1
2161,"citric,",1
2162,"ken.pale,",1
2163,utility,1
2164,stinky,1
2165,12%,1
2166,(whiskey/bourbon),1
2167,goin',1
2168,yikes.,1
2169,5.25%,1
2170,wicked,1
2171,superb:,1
2172,brettanomyces,1
2173,5/21/21,1
2174,right.,1
2175,collecting,1
2176,11/11/20,1
2177,"presence,",1
2178,"""find"".",1
2179,mushroom,1
2180,"nuts,",1
2181,"""bite""",1
2182,"with,",1
2183,porters).,1
2184,ring.,1
2185,13%,1
2186,crushable,1
2187,whisks,1
2188,logic.,1
2189,"special,",1
2190,classify,1
2191,sediment,1
2192,whiskey.,1
2193,touches,1
2194,pith.,1
2195,aroma),1
2196,session,1
2197,what's,1
2198,additional,1
2199,quickly.,1
2200,3/12/20.,1
2201,stonefruiy,1
2202,"bubblegum,",1
2203,filled,1
2204,jury,1
2205,bif.,1
2206,"meant,",1
2207,sorcery,1
2208,honeydew,1
2209,lactose?,1
2210,3-4,1
2211,today,1
2212,"sip,",1
2213,bread.,1
2214,appetizing,1
2215,"9/17/20,",1
2216,nevertheless.,1
2217,11/2/2020.,1
2218,deliciously,1
2219,over-ripened,1
2220,jay,1
2221,"powerful,",1
2222,melded,1
2223,pungent.,1
2224,2015.,1
2225,land,1
2226,oxidization.,1
2227,carbonation..,1
2228,resin-y,1
2229,addition,1
2230,over-ripe,1
2231,unpleasant,1
2232,fullness.,1
2233,chalky,1
2234,growler,1
2235,minty,1
2236,portuguese,1
2237,duty,1
2238,cara,1
2239,64oz,1
2240,brewing.,1
2241,apparent,1
2242,packed,1
2243,wasn't.,1
2244,reading,1
2245,"bellies,",1
2246,hazy...quickly,1
2247,sweetarts.,1
2248,smoothie.,1
2249,jay!,1
2250,ffam,1
2251,"jellies,",1
2252,off-brand,1
2253,condensing,1
2254,vibe,1
2255,twang.,1
2256,silhouetted,1
2257,liquid.,1
2258,among,1
2259,atop,1
2260,versatile,1
2261,"anyone,",1
2262,midnight,1
2263,"richness,",1
2264,amount.,1
2265,jaded,1
2266,stamp,1
2267,oaslts,1
2268,"golden-orange,",1
2269,lemongrass,1
2270,"worth,",1
2271,hell,1
2272,(nutty),1
2273,kiwi,1
2274,piercing,1
2275,bomber's,1
2276,"was,",1
2277,strawberry-like,1
2278,skinned,1
2279,"cooked,",1
2280,countered,1
2281,gourds.,1
2282,aroma;,1
2283,sprite-vanilla,1
2284,o'rear.,1
2285,jelly,1
2286,grounded,1
2287,med-full,1
2288,lemon-lime,1
2289,10.5%.,1
2290,2nd,1
2291,awhile.,1
2292,chocolate/fudge,1
2293,euro,1
2294,peche,1
2295,froth,1
2296,"chocolate,booze",1
2297,"thru,amazing",1
2298,merely,1
2299,nose.flavors,1
2300,lived,1
2301,issue,1
2302,billowing,1
2303,"it,it",1
2304,effort,1
2305,end.wow,1
2306,bottle.pours,1
2307,goblet,1
2308,"stuff,been",1
2309,"cohesive,",1
2310,tart...,1
2311,billing,1
2312,"have,",1
2313,mineral,1
2314,"quite,",1
2315,hefman.,1
2316,epic,1
2317,refreshingly,1
2318,old/stale/burnt,1
2319,minor,1
2320,yrs,1
2321,(~5,1
2322,beware!,1
2323,nonexistent,1
2324,intriguing;,1
2325,transmission,1
2326,abv...,1
2327,food.,1
2328,saisons.,1
2329,well-integrated,1
2330,vietnamese,1
2331,draught,1
2332,spiced,1
2333,syrupy,1
2334,mellows,1
2335,pairing,1
2336,"buddy-duddy,",1
2337,like.,1
2338,three-fingered,1
2339,next.,1
2340,"furthermore,",1
2341,discovered,1
2342,esteem.,1
2343,"24,",1
2344,"meal,",1
2345,maintained,1
2346,interferes,1
2347,"maillard,",1
2348,price.,1
2349,willi,1
2350,must-visit,1
2351,created.,1
2352,"dedication,",1
2353,parade,1
2354,ale's,1
2355,everett,1
2356,past.,1
2357,fell,1
2358,integrity,1
2359,'n,1
2360,segment,1
2361,"ginger,",1
2362,cantillion,1
2363,app,1
2364,2009,1
2365,sampled,1
2366,"clover,",1
2367,"that,",1
2368,background,1
2369,brett.,1
2370,opportunity!,1
2371,"tfontana,",1
2372,dissipates.,1
2373,grapefruity,1
2374,logsdon's,1
2375,solid!,1
2376,dryness.,1
2377,peaches,1
2378,pie,1
2379,skosh,1
2380,point).,1
2381,fair,1
2382,face,1
2383,overwhelms.,1
2384,tabacco,1
2385,prune,1
2386,im,1
2387,"limited,",1
2388,4-pack.,1
2389,selections,1
2390,cape,1
2391,missouri,1
2392,memories,1
2393,@fbarber.,1
2394,medium-hazy,1
2395,medium-sour,1
2396,grew,1
2397,fizzled,1
2398,(2018).,1
2399,ago,1
2400,well-made,1
2401,recently,1
2402,pop,1
2403,chardonnay;,1
2404,thickly,1
2405,"off-putting,",1
2406,ordered,1
2407,native,1
2408,subsides,1
2409,microflora.,1
2410,summation,1
2411,blanc,1
2412,sublime;,1
2413,1-2,1
2414,"availability,",1
2415,fine.,1
2416,sweeten,1
2417,fo.,1
2418,orangina.,1
2419,comparing,1
2420,blancs,1
2421,privileged,1
2422,immediately,1
2423,"cloudy,",1
2424,marvelously,1
2425,delight.,1
2426,adjusts.,1
2427,"raspberry,",1
2428,season.,1
2429,porter.,1
2430,combo!!!,1
2431,challenging,1
2432,chase.,1
2433,acquire,1
2434,worthy,1
2435,fresh.,1
2436,dissipated.,1
2437,63°.,1
2438,"daddy,",1
2439,pre-pastry,1
2440,"cola,",1
2441,modern,1
2442,money,1
2443,drawing,1
2444,cantillon's,1
2445,counterparts.,1
2446,stunning,1
2447,satisfying.,1
2448,"2015,",1
2449,"lime,",1
2450,gambrinus.,1
2451,balsamic,1
2452,best.,1
2453,olive,1
2454,offset,1
2455,becomes,1
2456,lingered,1
2457,beauty.,1
2458,"yet,",1
2459,weed.,1
2460,swirl.,1
2461,resiny,1
2462,adjuncts.,1
2463,wanderllama,1
2464,darkness,1
2465,dominant,1
2466,awesome!,1
2467,pithy,1
2468,jam.,1
2469,gorgeous.,1
2470,tremendous,1
2471,milder,1
2472,13,1
2473,"these,",1
2474,long;,1
2475,sudsy,1
2476,sending,1
2477,peat,1
2478,promising,1
2479,scotch,1
2480,"cognac,",1
2481,special,1
2482,"4,",1
2483,interesting.,1
2484,ipa-making,1
2485,dig,1
2486,3.25/4.25/4.25/2.25/4,1
2487,spirit,1
2488,tastes?),1
2489,"disappoint,",1
2490,meaning,1
2491,"brandy,",1
2492,pine-sol,1
2493,22oz,1
2494,hurt,1
2495,beach,1
2496,crisper,1
2497,"everest,",1
2498,children.,1
2499,breaking,1
2500,days.,1
2501,hershey,1
2502,hammock,1
2503,mount,1
2504,kiss,1
2505,06/07/21,1
2506,confident,1
2507,kiddo,1
2508,chilling.,1
2509,chief,1
2510,"hatch,",1
2511,raul,1
2512,hammock.,1
2513,sunny,1
2514,booby,1
2515,ohio.,1
2516,hammock;,1
2517,peaty,1
2518,f:.,1
2519,t:.,1
2520,seventy,1
2521,cents.,1
2522,'zebo,1
2523,seventh,1
2524,saturday,1
2525,mmmm...,1
2526,vermont,1
2527,cheers!!,1
2528,snifterized....,1
2529,"rocky,",1
2530,shadows,1
2531,dollars,1
2532,"choco,",1
2533,bosco-like,1
2534,"stowe,",1
2535,lurking,1
2536,alchemist,1
2537,2299,1
2538,bacon.,1
2539,ht,1
2540,layer,1
2541,bothers,1
2542,rain,1
2543,s:.,1
2544,shaped,1
2545,textures.,1
2546,o:.,1
2547,cellared.,1
2548,l:.,1
2549,purplish,1
2550,imo.,1
2551,"improved,",1
2552,eve....,1
2553,spine,1
2554,creep,1
2555,18nov20....,1
2556,"thickness,",1
2557,entrance,1
2558,cans....,1
2559,faint.,1
2560,fb.,1
2561,chill,1
2562,january,1
2563,frustrated,1
2564,"clementines,",1
2565,pure,1
2566,tonight,1
2567,mmm.....,1
2568,loser,1
2569,aside,1
2570,lactose.....,1
2571,old....,1
2572,softening,1
2573,sigh.....,1
2574,"outset,",1
2575,exceptioinal,1
2576,handle,1
2577,exceedingly,1
2578,old.,1
2579,integrated.,1
2580,abraxas,1
2581,terrific,1
2582,westy,1
2583,before?,1
2584,tear,1
2585,up!,1
2586,goddammmm,1
2587,"it's,",1
2588,born.,1
2589,stuff....,1
2590,bardot,1
2591,exlax,1
2592,hike!,1
2593,(unlike,1
2594,robin).,1
2595,shit,1
2596,fumble.,1
2597,that...,1
2598,bridgette,1
2599,throw,1
2600,hut!,1
2601,bowels,1
2602,bruce,1
2603,ther,1
2604,"yeah,",1
2605,days....,1
2606,future.,1
2607,ringlet;,1
2608,stickee,1
2609,moment.,1
2610,bat.,1
2611,distro.,1
2612,incomprehensible,1
2613,lemon.,1
2614,sheet,1
2615,"almonds,",1
2616,"chips,",1
2617,summer,1
2618,"sharp,",1
2619,dotty,1
2620,cracked,1
2621,bois,1
2622,cool,1
2623,well-crafted,1
2624,heft,1
2625,unignorable,1
2626,habañero,1
2627,pulled.,1
2628,thiccer,1
2629,unfamiliar,1
2630,cellar;,1
2631,i’ll,1
2632,find?,1
2633,quad,1
2634,doubt,1
2635,harsh,1
2636,component.,1
2637,prominent;,1
2638,cracker,1
2639,firestone,1
2640,5/23/21,1
2641,impact;,1
2642,theory.,1
2643,graham,1
2644,tawny,1
2645,"""wow""",1
2646,intial,1
2647,damp,1
2648,12.7,1
2649,factor,1
2650,prunes.,1
2651,this!,1
2652,front.,1
2653,mimics,1
2654,near-white,1
2655,goodies,1
2656,wisp.,1
2657,roll-ups.,1
2658,digit,1
2659,tightly,1
2660,hazed,1
2661,knit,1
2662,presents,1
2663,prevalent,1
2664,sloppy,1
2665,moment,1
2666,contained,1
2667,astringency,1
2668,"still,",1
2669,finger-and-a-half,1
2670,"modest,",1
2671,sliding,1
2672,guessing,1
2673,raspberry.,1
2674,gorgeous,1
2675,"juiciest,",1
2676,aromas:,1
2677,fatiguing.,1
2678,ok.,1
2679,piss.,1
2680,range,1
2681,(that,1
2682,deluge,1
2683,cat,1
2684,dynamic,1
2685,inviting.,1
2686,components,1
2687,turns,1
2688,offer,1
2689,carrel,1
2690,cirsp,1
2691,superb.,1
2692,barnyard-and-lemon,1
2693,"backend,",1
2694,pucker,1
2695,super-juicy,1
2696,"favors,",1
2697,softest-feeling,1
2698,sunshine,1
2699,dose,1
2700,bitterness;,1
2701,foreground,1
2702,cheesy,1
2703,ample,1
2704,undercuts,1
2705,opinion.,1
2706,itself.,1
2707,semi-hazy,1
2708,overpowering.,1
2709,(i,1
2710,nailed,1
2711,hesitate,1
2712,"everyone,",1
2713,enjoyable,1
2714,presented,1
2715,matters).,1
2716,ovearll,1
2717,rounded.,1
2718,$21.99.,1
2719,"hiss,",1
2720,sized,1
2721,tw-greenville,1
2722,9-8-21,1
2723,center.,1
2724,"neipa,",1
2725,10-12-21.,1
2726,clings,1
2727,tight,1
2728,7-29-21;,1
2729,drinking.,1
2730,affogato,1
2731,pleasure,1
2732,"some,",1
2733,purchase.,1
2734,plum,1
2735,sc,1
2736,6/10,1
2737,"fizz,",1
2738,refreshing!,1
2739,therein.,1
2740,also.,1
2741,support.,1
2742,mounds,1
2743,99,1
2744,abundant,1
2745,"suggest,",1
2746,9/23/2020.,1
2747,special.,1
2748,understand,1
2749,either.,1
2750,‘wrong’,1
2751,emperor,1
2752,9,1
2753,ok,1
2754,#13,1
2755,less.,1
2756,standard,1
2757,basic,1
2758,"bad,",1
2759,clothes.,1
2760,crafted,1
2761,milford,1
2762,"attractive,",1
2763,some.,1
2764,"oily,",1
2765,"caramel/toffee,",1
2766,recommended.,1
2767,porter!,1
2768,@roguer,1
2769,duly,1
2770,snow,1
2771,jersey.,1
2772,bar,1
2773,khaki-colored,1
2774,|,1
2775,gimmicky.,1
2776,around.,1
2777,deal,1
2778,olfactories....,1
2779,6.4%,1
2780,impressed.,1
2781,lite/moderate,1
2782,box.,1
2783,leche,1
2784,ct.,1
2785,"expect,",1
2786,joining,1
2787,berries,1
2788,reveal,1
2789,worse.,1
2790,seeming,1
2791,#13.,1
2792,situation,1
2793,"hot,",1
2794,tongue-coating,1
2795,"store,",1
2796,midwest,1
2797,'ooh!',1
2798,"pairing,",1
2799,cookies,1
2800,accentuate,1
2801,stale,1
2802,hotd,1
2803,"smoothe,",1
2804,alongside,1
2805,decidedly,1
2806,shy,1
2807,reminder,1
2808,beginning,1
2809,finely,1
2810,descibe,1
2811,works,1
2812,oakiness,1
2813,check.,1
2814,later.,1
2815,there),1
2816,beaut.,1
2817,"brewery,",1
2818,general,1
2819,traps,1
2820,sweetness?,1
2821,borracho,1
2822,frank!,1
2823,listed,1
2824,grateful,1
2825,friend.,1
2826,berry/fruit,1
2827,though....,1
2828,"reals,",1
2829,yummy,1
2830,prairies,1
2831,"madness,",1
2832,primary,1
2833,lulu's,1
2834,testing,1
2835,concerned.,1
2836,dragonfruit,1
2837,demands,1
2838,besides,1
2839,"off,",1
2840,immense,1
2841,waters,1
2842,debut.,1
2843,else,1
2844,bill,1
2845,allston,1
2846,"sips,",1
2847,saw,1
2848,brewers,1
2849,"crust,",1
2850,tap(!),1
2851,"on,",1
2852,'clean',1
2853,tupac,1
2854,1699,1
2855,evaporated.,1
2856,o's,1
2857,shooting,1
2858,helped,1
2859,barry,1
2860,talked,1
2861,roids…oh,1
2862,"rattles,",1
2863,miami,1
2864,boom!,1
2865,rolls!,1
2866,‘94,1
2867,was.,1
2868,"wait,",1
2869,sum.,1
2870,champion,1
2871,northeudge,1
2872,show,1
2873,passionfruit,1
2874,sourness.,1
2875,"basic,",1
2876,anywhere.,1
2877,dye,1
2878,overtakes,1
2879,bls.,1
2880,rolled,1
2881,bransy.,1
2882,terribly,1
2883,anticipated,1
2884,bakers,1
2885,dismal,1
2886,fake.,1
2887,chunk.,1
2888,"secondly,",1
2889,namely,1
2890,dissolved.,1
2891,roasty.,1
2892,unless,1
2893,whereas,1
2894,sad,1
2895,increments,1
2896,true-crime,1
2897,accentuate.,1
2898,84/100,1
2899,medium+,1
2900,dominates,1
2901,"passionfruit,",1
2902,carbonated,1
2903,heavy-handed,1
2904,nonstop,1
2905,help,1
2906,putting,1
2907,update,1
2908,bangers!,1
2909,reminiscent,1
2910,month.,1
2911,increase.,1
2912,oj/citrus,1
2913,burn/resin,1
2914,opening.,1
2915,spectacular,1
2916,"shakes,",1
2917,attention.,1
2918,monster,1
2919,"kitchen,",1
2920,4-5,1
2921,"brettanomyces,",1
2922,sur,1
2923,fills,1
2924,coffee-roast,1
2925,baller,1
2926,caged,1
2927,"""cage""",1
2928,"content,",1
2929,vein-popping,1
2930,attention,1
2931,dracula's,1
2932,sooner,1
2933,merkbar,1
2934,minutes.,1
2935,permeates,1
2936,en,1
2937,wire,1
2938,cider,1
2939,"snerpende,",1
2940,med,1
2941,differ,1
2942,kbs,1
2943,_,1
2944,shocked,1
2945,snifter,1
2946,"sugars,",1
2947,"gone,",1
2948,review…,1
2949,disagreeable,1
2950,so-so,1
2951,smaken,1
2952,"25,",1
2953,crowd,1
2954,paid,1
2955,canton,1
2956,nondescript,1
2957,diabetics.,1
2958,anymore.,1
2959,apples.,1
2960,intenst,1
2961,pops,1
2962,"video,",1
2963,concerns,1
2964,haziness.,1
2965,lactobacillius,1
2966,finishz.,1
2967,roasts.,1
2968,lactobacillius.,1
2969,"smokiness,",1
2970,showing,1
2971,pillowy,1
2972,pried,1
2973,one-fingered,1
2974,fonteinen,1
2975,"peppercorn,",1
2976,"beginning,",1
2977,floral.,1
2978,easier,1
2979,music,1
2980,terrible,1
2981,bonds,1
2982,podcasts,1
2983,"alcohol,",1
2984,"foam,",1
2985,preg,1
2986,av,1
2987,bud's,1
2988,bitterhet,1
2989,son,1
2990,oxidised,1
2991,avslutningen.,1
2992,"38,",1
2993,sitron,1
2994,brewery;,1
2995,changes.,1
2996,er,1
2997,jan,1
2998,vs.,1
2999,detected,1
3000,2018.,1
3001,chardonnay,1
3002,onsite,1
3003,"excellent,",1
3004,"thirdly,",1
3005,cellared,1
3006,it?,1
3007,sludgy.,1
3008,grit,1
3009,one-finger,1
3010,notch,1
3011,"batter,",1
3012,"expedition,",1
3013,offers,1
3014,puréed,1
3015,tinges,1
3016,"nectar,",1
3017,"peppery,",1
3018,foam;,1
3019,"collar,",1
3020,hidden,1
3021,limey,1
3022,amalgam,1
3023,wide,1
3024,catty,1
3025,strength.,1
3026,type:,1
3027,continues,1
3028,complimenting,1
3029,9/2/21,1
3030,labeled,1
3031,twang,1
3032,"peaking,",1
3033,bubblegum,1
3034,collective,1
3035,"pulp,",1
3036,quasi-bitter,1
3037,mushy,1
3038,mildness,1
3039,8,1
3040,"resilient,",1
3041,sharpness,1
3042,inspired,1
3043,taken,1
3044,matches,1
3045,nose;,1
3046,reduces,1
3047,accented,1
3048,"cap,",1
3049,closing.,1
3050,others.,1
3051,waxy,1
3052,providence,1
3053,tangible,1
3054,number,1
3055,civil,1
3056,ceding,1
3057,cocktail.,1
3058,peel.,1
3059,"small,",1
3060,whose,1
3061,wondeful,1
3062,overlay,1
3063,"warmed,",1
3064,overt,1
3065,visible.,1
3066,confused,1
3067,signifying,1
3068,marshmallows.,1
3069,hydrox,1
3070,smith,1
3071,steadily,1
3072,tapestry,1
3073,serving,1
3074,resins,1
3075,considering,1
3076,mounded,1
3077,time;,1
3078,associated,1
3079,blending,1
3080,textured,1
3081,"soapy,",1
3082,stimuli,1
3083,vanilla-like,1
3084,medley,1
3085,10.,1
3086,webby,1
3087,beneath,1
3088,8/11/21;,1
3089,spectrum.,1
3090,disobedience,1
3091,includes,1
3092,florence,1
3093,spectacular.,1
3094,preceding,1
3095,overdone,1
3096,reducing,1
3097,die.,1
3098,"2""",1
3099,"malty,",1
3100,resinous.,1
3101,seat.,1
3102,"properly,",1
3103,"butter,",1
3104,consistency,1
3105,"mean,",1
3106,melon.,1
3107,liked,1
3108,rest,1
3109,solidified,1
3110,peanut,1
3111,butter,1
3112,overwhelming.,1
3113,kettle,1
3114,stuck,1
3115,outstanding!,1
3116,"faint,",1
3117,holy,1
3118,acclaimed,1
3119,chunk,1
3120,"simple,",1
3121,yesz,1
3122,chocolage,1
3123,chally,1
3124,predominace.,1
3125,awfully,1
3126,trapped,1
3127,tarted,1
3128,2ipa,1
3129,none.,1
3130,firstly,1
3131,genuine,1
3132,artificial.,1
3133,"detected,",1
3134,topical,1
3135,suoerb,1
3136,"mango,pineapple",1
3137,"oo,",1
3138,peaches!,1
3139,laden,1
3140,sensory,1
3141,07.28.20,1
3142,mild.,1
3143,discernible,1
3144,excesses,1
3145,"middle,",1
3146,"turbid,",1
3147,grape;,1
3148,whatever,1
3149,walls,1
3150,palate-,1
3151,"grassy,",1
3152,50/50,1
3153,dark/light,1
3154,muddled,1
3155,example,1
3156,meshes,1
3157,extreme,1
3158,accentuated,1
3159,bba,1
3160,you'd,1
3161,"kids,",1
3162,approachable.,1
3163,"pale,",1
3164,beautifully.,1
3165,oversized,1
3166,lot.,1
3167,difference,1
3168,#239,1
3169,veggies.,1
3170,via,1
3171,slushy,1
3172,240th,1
3173,eggshell,1
3174,complexion.,1
3175,soapy,1
3176,are.,1
3177,matter,1
3178,means.,1
3179,250.,1
3180,1-finger,1
3181,trace,1
3182,"detracting,",1
3183,anticipated.,1
3184,want!,1
3185,"drier,",1
3186,"legend,",1
3187,"sudsy,",1
3188,"slight,",1
3189,wedding,1
3190,expertly,1
3191,"immediately,",1
3192,"bold,",1
3193,donniet79,1
3194,"lingers,",1
3195,dialed-in,1
3196,mexican,1
3197,"spices,",1
3198,"twist,",1
3199,resurfacing,1
3200,"treacle,",1
3201,accord,1
3202,peruvian,1
3203,marzipan,1
3204,unbelievable,1
3205,"mexican,",1
3206,upping,1
3207,"element,",1
3208,"best,",1
3209,theme,1
3210,tricky,1
3211,"keep,wishing",1
3212,"blueberry,",1
3213,absorbing,1
3214,falling,1
3215,"squint,",1
3216,burned,1
3217,"volcano,",1
3218,baker's,1
3219,"hold,",1
3220,"gums,",1
3221,he's,1
3222,cacao/char/blackened,1
3223,lasts,1
3224,sherry,1
3225,adore,1
3226,photon,1
3227,russian-style,1
3228,underpinning,1
3229,"sweeter,",1
3230,forming,1
3231,waterbury.,1
3232,show.,1
3233,2.,1
3234,15%,1
3235,masterpiece.,1
3236,"warming,",1
3237,purple,1
3238,"profile,",1
3239,stout!,1
3240,licorice.,1
3241,blackback,1
3242,foams,1
3243,these…,1
3244,today.,1
3245,tart.,1
3246,iteration,1
3247,took,1
3248,instant,1
3249,fragrant.,1
3250,bugger,1
3251,wax,1
3252,farmstead.,1
3253,maine.,1
3254,wrong.,1
3255,...,1
3256,"background,",1
3257,faintest,1
3258,espresso-,1
3259,revered,1
3260,squeeze.,1
3261,forever.,1
3262,failing,1
3263,"huge,",1
3264,perceived,1
3265,"iipas,",1
3266,lush,1
3267,....,1
3268,co.,1
3269,america,1
3270,.....maine,1
3271,reception.,1
3272,thought,1
3273,road,1
3274,dirt,1
3275,main,1
3276,glow,1
3277,bordering,1
3278,entirely,1
3279,beer...,1
3280,elite,1
3281,galore,1
3282,opaque...,1
3283,bodied...,1
3284,they?,1
3285,there're,1
3286,booze.,1
3287,"course,",1
3288,head-start,1
3289,whiskey;,1
3290,walking,1
3291,hyped.,1
3292,beer-drinking,1
3293,indeed.,1
3294,oldie,1
3295,downright,1
3296,dark-tan,1
3297,love.,1
3298,thrown,1
3299,t.f:,1
3300,cream...,1
3301,dogfish,1
3302,form.,1
3303,pronounced,1
3304,takeover.,1
3305,kaki,1
3306,agree,1
3307,german,1
3308,gram,1
3309,300,1
3310,schaerbeek,1
3311,liter,1
3312,5%.,1
3313,framboise.,1
3314,"2007,",1
3315,"cold,",1
3316,pepe,1
3317,lou,1
3318,word.,1
3319,stupid,1
3320,juice...,1
3321,smooth...,1
3322,"reputation,",1
3323,creaminess.,1
3324,grows,1
3325,darkest,1
3326,concentrate.,1
3327,"note,",1
3328,longtime,1
3329,px,1
3330,foreboding,1
3331,"caramel/toffee/vanilla/malt,",1
3332,grade,1
3333,enough.,1
3334,"sought-after,",1
3335,"complexion,",1
3336,atop.,1
3337,relegated,1
3338,"emerges,",1
3339,nudging,1
3340,raisiny,1
3341,"fine,",1
3342,contributes,1
3343,4.0,1
3344,thread,1
3345,factor.,1
3346,trends,1
3347,legendary,1
3348,laced,1
3349,glassed.,1
3350,"wood,",1
3351,gotten,1
3352,dimension,1
3353,parabola.,1
3354,measure.,1
3355,"high,",1
3356,8/24/21,1
3357,release,1
3358,skimming,1
3359,floral/herbal,1
3360,more.....,1
3361,"honest,",1
3362,undercurrents.,1
3363,improve;,1
3364,class;,1
3365,peppercorn,1
3366,alive.,1
3367,following,1
3368,theres,1
3369,temp,1
3370,room,1
3371,kinds,1
3372,"fantastic,",1
3373,"puckery,",1
3374,"nectarous,",1
3375,unmalted,1
3376,"real,",1
3377,wow,1
3378,"forward,",1
3379,"too,",1
3380,hoped,1
3381,"deliver,",1
3382,thankful!,1
3383,"shockingly,",1
3384,essence,1
3385,"from,",1
3386,september,1
3387,watering,1
3388,wanted,1
3389,developed,1
3390,new-kid,1
3391,grapefruits.,1
3392,spot-on,1
3393,"time,",1
3394,impressively,1
3395,evolve,1
3396,fits,1
3397,steps,1
3398,sweeter,1
3399,bites.,1
3400,"for,",1
3401,controversial,1
3402,hold,1
3403,def,1
3404,garde,1
3405,is...,1
3406,pils,1
3407,further.,1
3408,"wild,",1
3409,summery,1
3410,gets.,1
3411,safe,1
3412,simple,1
3413,ferment,1
3414,scoring,1
3415,gem!,1
3416,bigger,1
3417,heady!,1
3418,mood,1
3419,waited,1
3420,17%,1
3421,who's,1
3422,celebrate,1
3423,"now,",1
3424,ratings.,1
3425,"loved,",1
3426,guy,1
3427,see.,1
3428,plan.,1
3429,washing,1
3430,hearty,1
3431,knows,1
3432,descriptor.,1
3433,filling,1
3434,"know,",1
3435,crevices,1
3436,man.,1
3437,picks,1
3438,overcoming,1
3439,drinker.,1
3440,"tuesday,",1
3441,"dinner,",1
3442,$25,1
3443,traveled.,1
3444,record,1
3445,resin,1
3446,saying,1
3447,dipa.,1
3448,impressed,1
3449,deserves,1
3450,"snifter,",1
3451,husband.,1
3452,job.,1
3453,"year,",1
3454,stings,1
3455,licked,1
3456,financial,1
3457,indian,1
3458,bubbled,1
3459,county,1
3460,exquisite.,1
3461,father's,1
3462,man,1
3463,"suffice,",1
3464,enters,1
3465,"aspects,",1
3466,44,1
3467,compared,1
3468,"barleywines,",1
3469,hidden.,1
3470,powerful,1
3471,combining,1
3472,cognac,1
3473,"times,",1
3474,"15,",1
3475,tongue.,1
3476,"rrb,",1
3477,supplication,1
3478,"barn,",1
3479,rip,1
3480,"phenolic,",1
3481,"crackers,",1
3482,"astringent,",1
3483,ale;,1
3484,"balance,",1
3485,"latter,",1
3486,ballet,1
3487,"rasin,",1
3488,july,1
3489,"impressed,",1
3490,treat.,1
3491,swear,1
3492,english,1
3493,barleywine.,1
3494,produced,1
3495,tangerine.,1
3496,7/1/21.,1
3497,cloudy/milky,1
3498,tangy,1
3499,orangish/yellow,1
3500,unbalanced,1
3501,room.,1
3502,accustomed,1
3503,"(cherry,",1
3504,straw.,1
3505,"strawberry?),",1
3506,5/20/21,1
3507,vinous.,1
3508,strawberry.,1
3509,future,1
3510,beer's,1
3511,"ester,",1
3512,moniker,1
3513,counter,1
3514,brussels.,1
3515,desert,1
3516,generous-sized,1
3517,gradually.,1
3518,iipa.,1
3519,faded.,1
3520,machine,1
3521,die,1
3522,ipa/iipa.,1
3523,decide,1
3524,relate,1
3525,grapefruit/citrus,1
3526,medium-bodied,1
3527,nelson,1
3528,amber-yellow,1
3529,produce,1
3530,mouth-feel:,1
3531,was/is,1
3532,beast,1
3533,"shading,",1
3534,prepared.,1
3535,(vinmonopolet).,1
3536,"02-2007,",1
3537,reads,1
3538,21,1
3539,"cider,",1
3540,apart;,1
3541,bracing,1
3542,outdo,1
3543,1679,1
3544,delightfully,1
3545,"herbal,",1
3546,"medium-light,",1
3547,wait!,1
3548,waiting,1
3549,"""champagne""",1
3550,"14-02-2007,",1
3551,misprint.,1
3552,astringent,1
3553,"""best",1
3554,"before""",1
3555,norway,1
3556,stable.,1
3557,castaways,1
3558,tony.,1
3559,citrusy/grapefruit,1
3560,our,1
3561,tom,1
3562,drinking:,1
3563,(west,1
3564,girlfriend,1
3565,covid,1
3566,eating,1
3567,repeating.,1
3568,conditions,1
3569,"ipa),",1
3570,began.,1
3571,someday.,1
3572,bear,1
3573,jerry.,1
3574,hat,1
3575,underpinned,1
3576,exemplar,1
3577,foods,1
3578,watching,1
3579,pizza,1
3580,elder.,1
3581,pliny,1
3582,"incredible,",1
3583,expecting.,1
3584,legs?,1
3585,"around,",1
3586,pushes,1
3587,"tropical,",1
3588,pumping.,1
3589,burst,1
3590,england,1
3591,"unison,",1
3592,ride,1
3593,"creaminess,",1
3594,clumpy,1
3595,height.,1
3596,melange:,1
3597,teku.,1
3598,working,1
3599,founders!,1
3600,sipping,1
3601,"called,",1
3602,whatsoever.,1
3603,them?,1
3604,city,1
3605,tap.,1
3606,"soda,",1
3607,fresher,1
3608,suggest.,1
3609,let’s,1
3610,updated,1
3611,8/13/20,1
3612,fo5s,1
3613,assuming,1
3614,ba!,1
3615,"batch,",1
3616,beyond,1
3617,hasn't,1
3618,cigar,1
3619,lucky,1
3620,"wheat,",1
3621,cheers,1
3622,residual,1
3623,reviews,1
3624,"ever,",1
3625,appreciated,1
3626,sharply,1
3627,fo5s.,1
3628,develops,1
3629,year,1
3630,"bro,",1
3631,"alright,",1
3632,decadence,1
3633,unreal,1
3634,fucking.,1
3635,flavorful,1
3636,6%,1
3637,tingling,1
3638,cherish,1
3639,"get,",1
3640,shoutout,1
3641,"straw,",1
3642,heavenly.,1
3643,vintages,1
3644,hell.,1
3645,#17,1
3646,#777,1
3647,wanna,1
3648,currently,1
3649,result,1
3650,regarded,1
3651,sometimes,1
3652,does.,1
3653,"grape,",1
3654,"oh,",1
3655,finally.,1
3656,satisfaction,1
3657,last...,1
3658,excitement.,1
3659,slumber,1
3660,presentation.,1
3661,magical,1
3662,heady:,1
3663,delighted,1
3664,deathly,1
3665,biased,1
3666,real.,1
3667,wake,1
3668,sick,1
3669,reviewers,1
3670,"matter,",1
3671,area,1
3672,;).,1
3673,except,1
3674,*this,1
3675,soaked,1
3676,fortunate,1
3677,crunch,1
3678,perfect.,1
3679,soon,1
3680,"assassin,",1
3681,10/22/21,1
3682,tg,1
3683,chased,1
3684,raul.is.feeling.this.,1
3685,"franklin,",1
3686,aretha,1
3687,rex.,1
3688,uhhh,1
3689,"huh,",1
3690,hurdle,1
3691,t.,1
3692,soul.,1
3693,louis,1
3694,lasso,1
3695,arc…,1
3696,quintessential,1
3697,adjuncts,1
3698,srjc.,1
3699,correct,1
3700,gem.,1
3701,"continues,",1
3702,lowlights.,1
3703,freakin’,1
3704,beer....,1
3705,fleeting,1
3706,jett,1
3707,swirl,1
3708,"yes,",1
3709,dominate.,1
3710,contrast.,1
3711,"fluff,",1
3712,superb!,1
3713,"wet,",1
3714,barely,1
3715,"liveliness,",1
3716,england.,1
3717,subtleties,1
3718,roguer,1
3719,"spell,",1
3720,rise.,1
3721,peeks,1
3722,somewhere.,1
3723,brown/joan,1
3724,prime,1
3725,hazey,1
3726,smoooooooth.,1
3727,batches,1
3728,park,1
3729,list.,1
3730,everything.,1
3731,sheets,1
3732,oat,1
3733,becher.,1
3734,"lasting,",1
3735,mind.,1
3736,#9,1
3737,backdrop.,1
3738,tallboy,1
3739,"gum,",1
3740,"strawberry,",1
3741,lime.,1
3742,mostly.,1
3743,mondo,1
3744,realized,1
3745,"rings,",1
3746,holy.,1
3747,now.,1
3748,refuse,1
3749,“09/28/21”.,1
3750,shifting,1
3751,thickness.,1
3752,4.5,1
3753,40,1
3754,weekend,1
3755,own,1
3756,dinner.,1
3757,deserved.,1
3758,bless,1
3759,writing,1
3760,location,1
3761,survive,1
3762,someone’s,1
3763,category.,1
3764,"rating,",1
3765,life’s,1
3766,rotating,1
3767,"imperials,",1
3768,giving,1
3769,@roy_hobbs,1
3770,ten,1
3771,three-dimensional,1
3772,"3),",1
3773,upon,1
3774,cooked,1
3775,bands,1
3776,high-density,1
3777,connected,1
3778,generic,1
3779,equal,1
3780,pineapple-citrusy,1
3781,56.3,1
3782,treehouse.,1
3783,columns.,1
3784,"minutes,",1
3785,38.8,1
3786,gggreennn,1
3787,stamped,1
3788,overshadowing,1
3789,imaginary.,1
3790,borders,1
3791,4.5.,1
3792,opinion,1
3793,"moment,",1
3794,excellent!,1
3795,against,1
3796,fidi,1
3797,pilsners,1
3798,account,1
3799,etc.,1
3800,won’t,1
3801,"ipas,",1
3802,company.,1
3803,difference.,1
3804,example.,1
3805,line,1
3806,living,1
3807,"brewers,",1
3808,category,1
3809,shop,1
3810,mbc,1
3811,work.,1
3812,grey.,1
3813,find.,1
3814,coco,1
3815,out!,1
3816,another.,1
3817,enthusiast,1
3818,subjective.,1
3819,nyc,1
3820,loving,1
3821,owner,1
3822,curated,1
3823,hurtful,1
3824,pilsner,1
3825,consideration,1
3826,"categories,",1
3827,18-24,1
3828,struggles,1
3829,sensitive,1
3830,"review,",1
3831,"lagers,",1
3832,visited,1
3833,home.,1
3834,newer,1
3835,30,1
3836,career,1
3837,soho,1
3838,beer/beer,1
3839,20/10/21.,1
3840,mulled,1
3841,come.,1
3842,density,1
3843,"kiwi,",1
3844,greater,1
3845,goals.,1
3846,"mix,",1
3847,sufficiently,1
3848,puree,1
3849,leafy,1
3850,consciously,1
3851,separate,1
3852,oomph,1
3853,marijuana,1
3854,describe,1
3855,"sap,",1
3856,oatmeal,1
3857,statement,1
3858,accents,1
3859,impenetrably,1
3860,(canned,1
3861,detail.,1
3862,"scents,",1
3863,flavoring.,1
3864,subordinate,1
3865,"liquid,",1
3866,suggest,1
3867,film,1
3868,trades,1
3869,sugars,1
3870,i'll,1
3871,"numbers,",1
3872,pairs,1
3873,"crushable,",1
3874,#777.,1
3875,fortunately,1
3876,meet,1
3877,exactly,1
3878,booziness,1
3879,garners,1
3880,(unfortunately?),1
3881,"honestly,",1
3882,plain,1
3883,strongly,1
3884,anchor,1
3885,intent.,1
3886,turn,1
3887,9/29/21),1
3888,(8.3,1
3889,shit...,1
3890,feelings...,1
3891,rochefort,1
3892,right...,1
3893,anything...,1
3894,peels,1
3895,face...,1
3896,20,1
3897,bernardus,1
3898,won't,1
3899,describing,1
3900,streaks.,1
3901,it...,1
3902,fucking,1
3903,all...,1
3904,curtain,1
3905,cap/crown.,1
3906,penetration.,1
3907,band,1
3908,torn,1
3909,"4),",1
3910,scientific,1
3911,myself,1
3912,lately,1
3913,appropriate.,1
3914,juicy!,1
3915,champaign,1
3916,backbeats.,1
3917,blanket,1
3918,candy.,1
3919,east,1
3920,survived,1
3921,surrounded,1
3922,prior,1
3923,elevated.,1
3924,nutmeg,1
3925,draws,1
3926,elements,1
3927,"base,",1
3928,astringency.,1
3929,swallow.,1
3930,spoiling,1
3931,edition.,1
3932,heap.,1
3933,overwhelms,1
3934,fill,1
3935,father.,1
3936,rook,1
3937,standing,1
3938,micro-bubbly,1
3939,texture,1
3940,define,1
3941,viscose,1
3942,extraordinary.,1
3943,milky-vanilla,1
3944,slurps,1
3945,spicing,1
3946,coverage.,1
3947,dissipate.,1
3948,stephanie,1
3949,progressively,1
3950,inner,1
3951,exiting,1
3952,(kane),1
3953,backing,1
3954,"dense,",1
3955,-thanks,1
3956,campfire,1
3957,role,1
3958,cheeks.,1
3959,contribute,1
3960,"depth,",1
3961,thickest,1
3962,temp.,1
3963,"earth,",1
3964,"world,",1
3965,books.,1
3966,thick!,1
3967,complimentary,1
3968,cascading,1
3969,teasing,1
3970,activity.,1
3971,spicing.,1
3972,supporters.,1
3973,unreal.,1
3974,mouthful,1
3975,"colored,",1
3976,effect,1
3977,outlines.,1
3978,plays,1
3979,blends,1
3980,assume,1
3981,patches,1
3982,generally,1
3983,remainder.,1
3984,serve,1
3985,exhale,1
3986,"syrupy,",1
3987,4.25.,1
3988,"none,",1
3989,56.8,1
3990,approaches,1
3991,0.9,1
3992,24/10/21.,1
3993,@snaotheus.,1
3994,"slick,",1
3995,release),1
3996,60.4,1
3997,22,1
3998,12.3%,1
3999,"buds,",1
4000,nail,1
4001,deeply,1
4002,unexpected,1
4003,buried,1
4004,38,1
4005,freemont.,1
4006,dependent.,1
4007,lif,1
4008,sugariness,1
4009,slickness,1
4010,horse.,1
4011,"rounded,",1
4012,5th,1
4013,michigan.,1
4014,plead,1
4015,tremendously,1
4016,top/too,1
4017,(2021,1
4018,luscious,1
4019,hardly,1
4020,am.,1
4021,age),1
4022,chug,1
4023,across,1
4024,candi,1
4025,(12.3,1
4026,palates.,1
4027,immediately.,1
4028,winner,1
4029,61,1
4030,culture,1
4031,through;,1
4032,"aspect,",1
4033,pimp,1
4034,fade,1
4035,four-finger,1
4036,spring,1
4037,explosion,1
4038,cast,1
4039,retains,1
4040,stony,1
4041,capable,1
4042,grape.,1
4043,dewy,1
4044,dialed,1
4045,not2quick,1
4046,chalice,1
4047,"tang,",1
4048,intermingling,1
4049,display.,1
4050,silo.,1
4051,before.,1
4052,brew!,1
4053,leading,1
4054,formal,1
4055,"dates),",1
4056,ah,1
4057,subtlety.,1
4058,tumbler.,1
4059,antwerp.,1
4060,mellow.,1
4061,syrip,1
4062,flavourfull,1
4063,filling.,1
4064,"first,",1
4065,cellar,1
4066,once;,1
4067,chalice.,1
4068,lightly-roasted,1
4069,least,1
4070,walnut.,1
4071,breads.,1
4072,$5.79.,1
4073,(troy),1
4074,"crackery,",1
4075,du,1
4076,detectable,1
4077,crispness,1
4078,undertone,1
4079,pushing,1
4080,blossoms,1
4081,"blossom,",1
4082,offerings,1
4083,increasingly,1
4084,limestone.,1
4085,"medium-bodied,",1
4086,unfiltered,1
4087,shimmery,1
4088,tannic.,1
4089,snappy,1
4090,"fog,",1
4091,fermier,1
4092,"minerality,",1
4093,grainy,1
4094,they're,1
4095,noted,1
4096,woodiness,1
4097,marriage,1
4098,phenolic,1
4099,"balanced,",1
4100,semi-sweet,1
4101,asian,1
4102,"tight,",1
4103,stay,1
4104,olfactory,1
4105,fast.,1
4106,settling,1
4107,tier,1
4108,fluffy.,1
4109,straw-golden,1
4110,simultaneous,1
4111,grist,1
4112,oak-aged,1
4113,sweet-tart,1
4114,belgian-like,1
4115,"hyacinth,",1
4116,lilac,1
4117,apricot.,1
4118,cling.,1
4119,trending,1
4120,waves,1
4121,"same,",1
4122,"predominate,",1
4123,"tastebuds,",1
4124,cookies.,1
4125,bacon,1
4126,lower,1
4127,maple-spiked,1
4128,cola-black,1
4129,"bits,",1
4130,mug).,1
4131,1/2,1
4132,"(er,",1
4133,booziness.,1
4134,cold-brew,1
4135,tan-khaki,1
4136,"bacon,",1
4137,anise.,1
4138,woah.,1
4139,works.,1
4140,"each,",1
4141,mingle,1
4142,"toasty,",1
4143,"caramely,",1
4144,"nutty,",1
4145,dissolves,1
4146,ever.,1
4147,chip,1
4148,became,1
4149,stop,1
4150,pru,1
4151,hours,1
4152,break,1
4153,whale.,1
4154,"chilies,",1
4155,"rum,",1
4156,penetration,1
4157,rim,1
4158,third,1
4159,ounce,1
4160,salad,1
4161,hunt,1
4162,forms,1
4163,still.,1
4164,stronger,1
4165,shine.,1
4166,"tasty,",1
4167,sting.,1
4168,backend.,1
4169,mix.,1
4170,thoroughly,1
4171,wilds,1
4172,"apples,",1
4173,"translucent,",1
4174,stellar,1
4175,tarty,1
4176,attractive,1
4177,19/20.,1
4178,n14,1
4179,underlies,1
4180,wouldn't,1
4181,"""in",1
4182,caramely,1
4183,inside.,1
4184,dec.,1
4185,planet,1
4186,chock,1
4187,10.10.21.,1
4188,"look,",1
4189,"face""",1
4190,"looks,",1
4191,medium/light,1
4192,"funkiness,",1
4193,"tannic,",1
4194,"carefully,",1
4195,"biscuit,",1
4196,1598,1
4197,gave,1
4198,currants.,1
4199,medium-plus,1
4200,mist.,1
4201,maroon,1
4202,pharmaceutical.,1
4203,danky.,1
4204,05,1
4205,"blankets,",1
4206,loud,1
4207,48,1
4208,"esters,",1
4209,dissipation.,1
4210,combination,1
4211,consecration,1
4212,"today,",1
4213,pulling,1
4214,harmonious,1
4215,presentation,1
4216,#800,1
4217,"40),",1
4218,"chocolate/fudge,",1
4219,course.,1
4220,tuesday,1
4221,usually,1
4222,triple,1
4223,blueberry,1
4224,blueberries,1
4225,colour.,1
4226,"glasgow,",1
4227,2007,1
4228,molé,1
4229,"quality,",1
4230,kick,1
4231,teku,1
4232,"done,",1
4233,honey.,1
4234,access,1
4235,demonstrates,1
4236,"wonderful,",1
4237,stemless,1
4238,verdict:,1
4239,unbelievably,1
4240,monster.,1
4241,sparse,1
4242,brew.,1
4243,penetrate,1
4244,wakes,1
4245,julius.,1
4246,pervasive,1
4247,happy,1
4248,#3,1
4249,ba.,1
4250,dont,1
4251,"days,",1
4252,great!,1
4253,age.,1
4254,ruled,1
4255,fb,1
4256,adds,1
4257,wrong,1
4258,juiciness,1
4259,tint,1
4260,enhancing,1
4261,"upfront,",1
4262,"fruitiness,",1
4263,chewy,1
4264,cognac.,1
4265,wasting,1
4266,release.,1
4267,buddy,1
4268,managed,1
4269,mapley,1
4270,year’s,1
4271,legs,1
4272,rum,1
4273,adams,1
4274,sam,1
4275,freiends!,1
4276,"undated,",1
4277,me!,1
4278,alcoholic,1
4279,somewhere,1
4280,necessarily,1
4281,tingle,1
4282,couldn’t,1
4283,lifetime,1
4284,utopias.,1
4285,"sherry,",1
4286,oliphant,1
4287,fancy,1
4288,expectations,1
4289,must-try,1
4290,"hues,",1
4291,garde.,1
4292,bacterial,1
4293,funkiness,1
4294,"barrels,",1
4295,dominated,1
4296,nosing.,1
4297,thus,1
4298,house;,1
4299,lover.,1
4300,coffee-flavored,1
4301,two-fingered,1
4302,1656,1
4303,beer;,1
4304,"26,",1
4305,tobacco.,1
4306,strongest,1
4307,tempering,1
4308,shot,1
4309,"(pear,",1
4310,develloped.,1
4311,(oat,1
4312,"fading,",1
4313,wc,1
4314,original_gravity,1
4315,thread.,1
4316,expedition,1
4317,(10/05/2017),1
4318,"expo,",1
4319,sitting,1
4320,plummy,1
4321,nib,1
4322,"runny,",1
4323,begin,1
4324,cuts,1
4325,"umami,",1
4326,cocoa-like,1
4327,expo,1
4328,shortcut,1
4329,"milk,",1
4330,"but,persistent",1
4331,"nuttiness,",1
4332,bloom.,1
4333,coloring.,1
4334,fun,1
4335,11/2/2020,1
4336,orange/copper,1
4337,gravity.,1
4338,dangerously,1
4339,socks,1
4340,imho.,1
4341,significant,1
4342,vying,1
4343,perfected,1
4344,trip,1
4345,8.5%,1
4346,hazes,1
4347,spots.,1
4348,random,1
4349,appropriate,1
4350,"hop,",1
4351,start.,1
4352,lightest,1
4353,pte,1
4354,#246,1
4355,argue,1
4356,favourite,1
4357,fluid,1
4358,breweries,1
4359,cannot,1
4360,body:,1
4361,"spearmint,",1
4362,lacking,1
4363,"malt-first,",1
4364,"forms,",1
4365,"fast,",1
4366,335ml,1
4367,expression.,1
4368,medium-full),1
4369,falls,1
4370,"mine,",1
4371,signs,1
4372,flora,1
4373,imparted,1
4374,flora.,1
4375,"gold,",1
4376,brewers’,1
4377,"night,",1
4378,overwhelming,1
4379,cardinal’s,1
4380,"want,",1
4381,penny,1
4382,(which,1
4383,whisper,1
4384,unlike,1
4385,bell's,1
4386,"delivery,",1
4387,ultimate,1
4388,bourbon-y,1
4389,"hazelnut,",1
4390,"superior,",1
4391,hopes,1
4392,ultimately,1
4393,fudgy,1
4394,metallic,1
4395,mild-moderate,1
4396,"stout),",1
4397,"razor-thin,",1
4398,chew,1
4399,ultra-thin,1
4400,creating,1
4401,(perhaps,1
4402,subdued,1
4403,nerds,1
4404,"reason,",1
4405,rich:,1
4406,recognize,1
4407,orange/gold.,1
4408,hard.,1
4409,searched,1
4410,tightest.,1
4411,noted.,1
4412,orange-yellow,1
4413,brought,1
4414,orange/tangerines,1
4415,"did,",1
4416,-the,1
4417,rain.,1
4418,loaded,1
4419,link,1
4420,pour-,1
4421,",no",1
4422,smattering,1
4423,disappearing,1
4424,tounge.,1
4425,11/12/20,1
4426,hay.,1
4427,"lively,",1
4428,picture,1
4429,shades,1
4430,peachy,1
4431,faithful,1
4432,"word,",1
4433,"has,",1
4434,points.,1
4435,beige.,1
4436,food,1
4437,grandpa.,1
4438,youthful,1
4439,2021!,1
4440,"sampled,",1
4441,wise,1
4442,comparable,1
4443,slights,1
4444,clean.,1
4445,"murky,",1
4446,semi,1
4447,slightest,1
4448,flowers.,1
4449,grassiness,1
4450,grass.,1
4451,actual,1
4452,knocked,1
4453,tuesday.,1
4454,name),1
4455,nibs,1
4456,warmed,1
4457,2013.,1
4458,"2013,",1
4459,02/05/21,1
4460,surprise.,1
4461,twinge,1
4462,special!,1
4463,awesome,1
4464,hf.,1
4465,"18%,",1
4466,two-finger,1
4467,mirrors,1
4468,database,1
4469,northeast,1
4470,"aromas,",1
4471,substantial,1
4472,"attention,",1
4473,everywhere,1
4474,gem,1
4475,treehouse!,1
4476,"feel,",1
4477,alot,1
4478,needles),1
4479,unique.,1
4480,customary,1
4481,packs,1
4482,"ale""",1
4483,"""pale",1
4484,wallop.,1
4485,while.,1
4486,running,1
4487,integrated,1
4488,racy,1
4489,"needle,",1
4490,"spiced,",1
4491,vanishing,1
4492,"toast,",1
4493,mandarin,1
4494,caramelized,1
4495,foundation,1
4496,sustains.,1
4497,sara,1
4498,"prodding,",1
4499,flip,1
4500,seriously,1
4501,explodes,1
4502,delightful.,1
4503,"ways,",1
4504,"aspirin,",1
4505,where,1
4506,compounded,1
4507,mineral-rich,1
4508,insane,1
4509,turning,1
4510,"gardenia,",1
4511,"formation,",1
4512,stable,1
4513,spots,1
4514,"shells,",1
4515,"leaves,",1
4516,"rosé),",1
4517,neither,1
4518,"foggy,",1
4519,ultra,1
4520,40°f,1
4521,lifts,1
4522,"gooseberry,",1
4523,"attic,",1
4524,disappeared,1
4525,"blackberry,",1
4526,dries,1
4527,(almost,1
4528,"strangely,",1
4529,"honeysuckle,",1
4530,"sparse,",1
4531,salinity.,1
4532,"backbone,",1
4533,seeing,1
4534,pair,1
4535,"bales,",1
4536,"(riesling,",1
4537,cask,1
4538,pitty,1
4539,completely.,1
4540,"tame,",1
4541,"petrichor,",1
4542,"shavings,",1
4543,saturated,1
4544,cling,1
4545,instantly,1
4546,back-,1
4547,cereals,1
4548,"pedio,",1
4549,up.,1
4550,"8%,",1
4551,(like,1
4552,fuzzy.,1
4553,basis.,1
4554,sheridans,1
4555,amarula.,1
4556,granola,1
4557,over.,1
4558,light-bodied,1
4559,lot's,1
4560,smoked,1
4561,ashes,1
4562,liquor.,1
4563,astringant,1
4564,wezenberg,1
4565,sigar,1
4566,resembles,1
4567,"mais),",1
4568,fresh-squeezed,1
4569,c,1
4570,cereal,1
4571,farmy,1
4572,vitamin,1
4573,"horsey,",1
4574,recognisable.,1
4575,lifted,1
4576,champagne-like.,1
4577,improve,1
4578,magnolia,1
4579,"once,",1
4580,"as-is,",1
4581,minerality.,1
4582,"stones,",1
4583,"etc..,",1
4584,allows,1
4585,fuzzy,1
4586,lacking.,1
4587,"stone,",1
4588,try.,1
4589,lifeless.,1
4590,adf,1
4591,"puckering,",1
4592,"blossoms,",1
4593,nose),1
4594,"viscous,",1
4595,lactic,1
4596,adjacent,1
4597,"present,",1
4598,harmony.,1
4599,"noir,",1
4600,tannins,1
4601,delivers.,1
4602,interpretations,1
4603,"casks,",1
4604,2014,1
4605,"sweaty,",1
4606,compare,1
4607,blackcurrants.,1
4608,"forest""",1
4609,"""fruits",1
4610,"2005,",1
4611,"galaxy,",1
4612,10/05/20.,1
4613,yum,1
4614,grassy,1
4615,outside,1
4616,parfait-like,1
4617,contrast,1
4618,fou'foune.,1
4619,unabashed,1
4620,ideal,1
4621,lift,1
4622,fantasia,1
4623,preference,1
4624,nights,1
4625,"ripe,",1
4626,yogurt,1
4627,"vanillin,",1
4628,"coaxing,",1
4629,flopping.,1
4630,abandon,1
4631,expression,1
4632,sam!,1
4633,"airy,",1
4634,foamy.,1
4635,tannin,1
4636,aspire,1
4637,"lactic,",1
4638,shared.,1
4639,“dessert”,1
4640,6/12/21,1
4641,dates,1
4642,maybe.,1
4643,yet.,1
4644,pyre,1
4645,funeral,1
4646,"spritzy,",1
4647,floaties,1
4648,rover,1
4649,brightness.,1
4650,recognisable,1
4651,ia,1
4652,"gris),",1
4653,gooozie,1
4654,mineralic,1
4655,"cellar,",1
4656,heaps,1
4657,"lilac,",1
4658,"reemerge,",1
4659,pulp,1
4660,flavour.,1
4661,someday,1
4662,built,1
4663,authentic,1
4664,staves,1
4665,chardlogic.,1
4666,bottling.,1
4667,1/21,1
4668,label,1
4669,blended,1
4670,believe.,1
4671,gueuze,1
4672,#7,1
4673,masters.,1
4674,"magnificent,",1
4675,cheaper,1
4676,roastier.,1
4677,"b-bomb,",1
4678,reason.,1
4679,spent,1
4680,fremont,1
4681,bucks,1
4682,"fremont,",1
4683,circumstances.,1
4684,mélange,1
